sample_id,idx,question,category,difficulty,macro_family,model_answer,correct_answer_letter,correct,a_shap,t_shap,uc_audio_l1,mi_audio_l1,uc_text_l1,mi_text_l1,uc_audio_sum,mi_audio_sum,uc_text_sum,mi_text_sum,base_ucmi,uc_stem_drums,mi_stem_drums,uc_stem_bass,mi_stem_bass,uc_stem_other,mi_stem_other,uc_stem_vocals,mi_stem_vocals,uc_time_seg0,mi_time_seg0,uc_time_seg1,mi_time_seg1,uc_time_seg2,mi_time_seg2,uc_time_seg3,mi_time_seg3,uc_time_seg4,mi_time_seg4,uc_time_seg5,mi_time_seg5,uc_time_seg6,mi_time_seg6,uc_time_seg7,mi_time_seg7
q100_1247352,99,Which instrument plays the lead sound in the introduction?,Instrumentation,High,percettiva,A,A,True,0.5262725779967159,0.4737274220032841,0.6003974646400201,2.37340578895075,2.0186327434228812,1.1174609529918913,0.6003974646400201,0.9259298663264129,0.3085849055376582,1.0856729789965505,,0.09897424818220948,0.01608309853200851,0.1665568434886796,0.16711934697308628,0.19541520093560424,-0.7237379613121686,0.13945117203352675,1.4664653821334868,0.1091137123250952,1.1093723759920522,0.020205061978010905,-0.06598859177177237,0.0,0.03877692451651089,0.06263157523066278,-0.034673128284011034,0.056864381149580784,-0.012765124314722792,0.08829753393063547,0.04848398659221079,0.03574091353101702,0.02713836195358592,0.2275442864950179,-0.1844149383574405
q101_1247352,100,Which interval is played in the first two notes of the trombone?,Melody,High,analitica,B,A,False,0.14012738853503184,0.8598726114649682,0.31505066130648507,0.4364150723079948,2.0336627941407324,1.2164492569468393,0.02201981293769681,-0.0007480340397320734,0.8709505704375768,0.4426730115249249,,-0.10887733997530981,0.21783351913413135,0.09559777899281906,-0.04663130013178535,0.07293745812927191,-0.07971839779562066,-0.03763808420908435,-0.09223185524645741,-0.022687818728363132,-0.06633643393977941,-0.018509105130840052,0.007511975157231048,-0.02537670861982639,0.03214097123427278,-0.0013832513755919797,-0.02429803708923496,0.020439188911010583,-0.0038152443363721894,0.0244555486334358,0.024004306306089494,0.00911662088364349,-0.012077063744156,0.03596533836422851,0.04212149237221715
q102_1247352,101,What kind of saxophone plays the solo?,Instrumentation,Medium,percettiva,A,A,True,0.5076586433260394,0.4923413566739606,1.044958187527558,0.7115394955391137,2.336043993494624,2.0533343807946447,0.027519148288503326,0.10313665009283185,0.6535694992345848,1.8018513148255215,,0.00019443892678606967,-0.07585588368554949,0.20338318787658502,0.19967547627784893,0.33266104110465955,0.2076625965381238,-0.5087195196195273,-0.22834553903759142,0.2460999412934805,-0.11370316132926425,0.005927905229402088,-0.18970342104263177,0.017742045864619083,-0.058932306353415745,0.028201664701581943,-0.07152712448575876,0.049008592902456835,0.13911119209210415,0.0,0.05771988584751164,-0.025011661830505794,0.3374591176360766,-0.2944493398725314,0.0027124677282099295
q103_625206,102,What is the time signature of the tune?,Metre and Rhythm,Medium,percettiva,B,A,False,0.5633971291866029,0.43660287081339716,0.34537494373059313,1.0175992122440165,1.8187958622757447,0.9469264247165645,0.16772491944268633,-0.11222707781425956,1.8187958622757447,-0.7494169121819474,,-0.07244271728798342,-0.5601321821374449,0.07301015973606993,-0.004780962891693132,0.1835397718505698,0.4526860672148785,-0.01638229485596999,0.0,0.07664650784223738,0.06162387412184771,0.04795648369547371,-0.02688803242755714,0.012827057025545506,0.01953061521988035,0.048648186063190255,0.05449853346218503,0.00863719218621694,0.009899148975383788,-9.981317286627406e-05,-0.06225583018304943,-0.014349100300761537,-0.05635854356660875,-0.012541593896349665,-0.11227684341634109
q104_625206,103,What kind of bass is used in the song?,Instrumentation,Medium,percettiva,A,A,True,0.40178571428571425,0.5982142857142857,0.5999712885411088,1.6602212037117023,1.4349971110502175,0.4518750470177344,0.09692180797972871,-0.6826023306281228,1.206480359054444,0.339287994347562,,-0.11591579295307092,-0.16437781451328026,0.34844654826041876,0.3338494854131931,-0.13560894732761913,-1.0070339526566323,0.0,0.15495995112859662,0.06626822246377304,-0.1612518018381272,-0.007511506518367052,-0.23496804812636085,-0.030381704418714732,-0.23384326249126475,0.012931556884334665,-0.19068268141277184,-0.019443209510863535,0.06723621262819211,-0.029855417339461194,-0.10190415268131017,0.05150784887856458,-0.09057519235334448,0.053406017540462945,0.2633865956468643
q105_625206,104,What part of the drums is used to set the beat in the intro?,Instrumentation,Medium,percettiva,A,A,True,0.23375,0.76625,0.5356684537226291,2.360429277146677,1.7244368043944702,0.8990037764527282,0.4709139480554232,-0.2564157972828464,0.7057969502757544,0.07955578567132732,,0.25309738723163866,1.0062101406616424,0.2000570459297743,-1.1832878016806223,0.050136767727613156,0.04579659927027274,-0.03237725283360294,-0.12513473553413923,0.16487082321926616,-0.14041055622899637,0.01955547545132005,0.06890488881773915,0.04773132260811569,0.20665772957830292,0.07465387729037892,0.07612519886067773,0.05135996146251806,-0.25398340907783956,0.07667073132692528,0.12078190401997649,-0.008486603208347633,-0.11025797744686072,0.04455835990524664,-0.22423357580584596
q106_395289,105,What kind of jazz ensemble plays the song?,Instrumentation,Low,percettiva,A,A,True,0.5256849315068494,0.47431506849315075,0.5304826043141029,2.321271429181239,1.270723336420768,2.2165072992749164,0.33928698751188013,2.321271429181239,0.14310079509799478,1.4198039677998562,,-0.061731982395343804,0.7197972815543947,0.3329592810335534,0.10980501750922704,0.10192551487943811,1.491669130117617,-0.033865826005767596,0.0,0.011597688847393539,0.7360993424668831,0.049403590826804386,0.2874847191099824,-0.003583365839952085,0.20428989530926264,0.07737315309560557,0.4490819243411617,0.0973211580726762,0.2859210555758015,0.0,0.1622782221767013,0.017363119382537557,0.2463057971068485,0.08981164312681493,-0.05018952690540239
q107_2083,106,What kind of rhythm is used by the bass line in the intro?,Metre and Rhythm,Medium,percettiva,C,A,False,0.3763020833333333,0.6236979166666667,0.19396361562592118,1.1587401234100259,1.3952802033982827,0.6696565451999384,-0.1441692513009456,0.563824865800574,0.46521144837134265,-0.0962276053536805,,-0.10817249906833766,-0.2974576288047259,0.024897182162487798,0.6769757465025033,-0.04732436048863932,0.12326653397079447,-0.013569573906456422,0.061040214132002196,-0.04385651766366362,0.3447140716988097,-0.0015355596411298668,-0.021969972904605263,-0.011605037720904102,0.05083475761140878,-0.010748070130258911,0.08577614744080427,-0.05443187374524759,-0.03513064167460483,-0.03241803096509767,0.09931170752406329,-0.01743174863488711,0.0,0.02785758720024327,0.04028879610469812
q108_2083,107,What style of jazz would you say this tune is?,Genre and Style,Low,knowledge,A,A,True,0.4326047358834244,0.5673952641165756,0.7298643733169328,3.8488417359368263,1.936160058978319,2.8623958232150515,0.6737023461150374,3.8488417359368263,1.2901707279854482,2.7587402818368383,,-0.01653044081826261,1.2548881966250722,0.4952407613703102,0.5896300443047422,0.20654259834567484,1.7368657924022068,-0.011550572782684999,0.26745770260480506,0.18363043602133045,1.2733988184609997,0.1447232013464261,0.7221632570356328,0.019743022839756673,0.27330452995834775,0.09994278680687843,0.5766988702550419,0.10376240439298336,0.7137577610722281,0.01965556549555629,0.289518499154576,0.025693094397484285,0.0,0.07655183481462187,0.0
q109_2083,108,Which instrument predominates in the solos?,Instrumentation,Low,percettiva,A,A,True,0.5973101265822786,0.4026898734177215,1.3945436042192303,4.9472618084412066,0.9654033196708862,1.7865789348511356,0.33715509354458395,0.5816987896892793,0.18862653294831044,1.7482216492019287,,-0.2967220092186169,-0.8590687494673955,0.7317450797034171,2.5248983485535037,0.13410426917849008,0.23958195051173944,-0.23197224611870626,-1.3237127599085683,-0.028895154826961436,-0.2158073228717502,0.0989750481628032,0.07173907399986701,0.1271490242701794,0.40470352463318016,0.03889452169049679,-0.06443575307229926,0.10131108889039603,0.2899735267968251,0.03788828037492663,-0.02154215797972886,0.014375451143095533,0.0670099754240317,-0.052543166160352185,0.050057922759153495
q10_1093606,9,What effect is applied to the vocals in this track?,Sound Texture,Low,percettiva,A,A,True,0.25853658536585367,0.7414634146341464,0.3540533980100771,1.5283722843668655,2.548597292816728,1.2236086445153127,-0.04037430820496375,1.3778911205738846,-0.46790339823497895,1.1812002003932047,,-0.19721385310752043,0.17314575466465038,0.030415790884256187,0.0455317859902733,0.0548631013612659,-0.07524058189649035,0.07156065265703458,1.2344541618154514,0.09180714215303101,0.010415367327276527,-0.002248658481778909,0.07417033680420196,0.0745882674571574,0.091430572265943,-0.06952946703979168,0.18891974610756573,-0.0033906592607666243,0.14979037689570146,0.08124985587860303,0.12835521944968536,-0.11318552411640305,0.23145157688542933,-0.09966526479501492,0.5033579248380813
q110_1336202,109,Which piano technique is used during this part of the song?,Performance,Medium,analitica,A,A,True,0.5680000000000001,0.43199999999999994,0.11374649924181578,1.1714387253148983,1.7064979143536105,1.3009331982622532,0.11374649924181578,0.8872229043540816,0.44646985485013946,1.032894091493246,,0.03435656302883783,-0.03297493220519222,0.022419835150896655,-0.08877410353191052,0.04065143848194862,1.02933081483449,0.016318662580132676,-0.020358874743305645,-0.09225406588595825,-0.015079590151727475,-0.0036630465878276664,0.1383768816539378,0.021133696827717943,0.16534658210056635,0.015781076313070862,0.1020059627532743,0.04353894778449484,0.06370905600943344,0.031514928119698964,0.1473506887255605,0.05660356241872174,0.14668524834076177,0.04109140025189735,0.13882807492227495
q111_1336202,110,What could this music be used for?,Functional Context,Low,unknown,A,A,True,0.6559251559251558,0.34407484407484407,0.19913877074053327,1.5357299310760524,1.9751136998912537,0.8252304852349304,0.17454444084193388,1.3801986442775132,1.16394211794811,-0.4166242427487046,,0.010856474592925304,0.012291048470528847,-0.004384725289926755,-0.07776564339926956,0.17598513119830828,1.4260528268926405,-0.007912439659372945,0.019620412313613465,-0.0038722576955842417,0.09562486897551262,-0.0322772164011147,0.19925625637826816,0.006269354363349273,0.08035232647676487,-0.02657756923972673,0.13043291429146478,0.0,0.05420012433121516,0.010627171844887082,0.2620326609539933,0.0820559032444831,0.2313525686185542,0.13831905472564007,0.32694692425174
q112_1336202,111,Which instrument is used to create contrast?,Instrumentation,Medium,percettiva,A,A,True,0.3804780876494024,0.6195219123505976,0.36935091557298594,0.5826763539467406,1.037812550792474,1.0428777548008312,0.351105984002652,0.27810741963007113,0.5294971359084845,0.9462168526704479,,0.03060525170461361,0.033590604086528975,0.06641309297378324,-0.08048671810193883,0.2632101051094221,-0.07179774905639585,-0.009122465785166975,0.39680128270187687,0.2138991885316794,-0.04985285906442409,0.06591285416106087,0.17824731521809478,0.0,0.0,-0.04615063434735485,0.3203728289674885,0.0325608231698115,-0.07295107905162752,-0.0023132149864174886,-0.004795815411512708,0.02095880869641667,-0.027229647005293317,0.06623815877745592,-0.06568332402265448
q113_1327741,112,Which country do you think the music is from?,Historical and Cultural Context,Low,knowledge,A,A,True,0.5254098360655738,0.47459016393442616,1.37824095064052,2.039191881571776,1.426233598178042,1.7489572904751118,-0.421553833238396,0.11296656149076367,1.1099725595412162,1.6605260843967347,,0.0,0.45293993251810694,0.3388633985286008,0.14294585636984197,0.1394801601724611,0.48019343264332104,-0.899897391939458,-0.9631126600405063,-0.3097246168489722,0.31147906031503647,0.084097327964677,0.22696516491191862,-0.11486474078720242,0.0,-0.016475923785285014,-0.16837068340649858,0.07511681546254699,-0.19891168609811102,0.0,-0.009515608875277567,0.041646461240004776,-0.043039036313498244,-0.18134915648416527,-0.005640649042806117
q114_1327741,113,What kind of scale is used in the guitar motif?,Melody,High,analitica,B,A,False,0.5138121546961326,0.4861878453038674,0.5706151854605755,0.6035151795195943,1.2727799027692344,0.6196884187257676,-0.31979011517993,-0.35475812793627537,0.2501952314817519,0.34601100194300966,,-0.3471184431753781,0.0811035753383774,0.02930689642661438,-0.06734723785858204,0.09610563871370839,-0.4117894158693528,-0.09808420714487467,0.043274950453282085,-0.2726269769307916,-0.05277785855943908,0.06819440715317424,0.001679642670425141,-0.04760461143990313,-0.021987988472234928,-0.0011772367646060294,-0.17107363770975337,-0.010290392724357379,-0.03631129129201674,0.011131428901579317,-0.06769116475042566,0.0,-0.02189747329717245,-0.06741673337502546,0.015301643474341715
q115_1327741,114,Which piano technique predominantly is used during the accompaniment?,Musical Texture,Medium,percettiva,D,A,False,0.4139784946236559,0.586021505376344,0.4683578239180184,0.9596881502991182,2.278198723606719,0.6000937126724547,-0.43476404120216433,-0.40426806313437036,0.08710202589577642,-0.1192479940118743,,0.016796891357927033,-0.14322449346044758,-0.048830023159023635,0.27771004358237394,-0.049574363820920085,-0.039679560362121294,-0.35315654558014764,-0.49907405289417545,-0.18356602289633983,-0.2608942798271321,-0.012806627962104567,0.023769834985154722,-0.013627608789885115,0.0015645525477035113,-0.055706546823381116,-0.03316176136817918,0.0,-0.04445156194667006,-0.04130293829314792,-0.05033286552304722,-0.007159748868086568,-0.02908309976876229,-0.12059454756921924,-0.01167888223343777
q116_1162034,115,What type of harmonic progression predominates in the song?,Harmony,High,analitica,A,A,True,0.3484107579462103,0.6515892420537898,0.43090719598004934,0.6272202206872356,2.029643531218694,0.47771792604446284,0.3460786137657208,0.5047127448006637,-0.059180806189487165,-0.11760426965718461,,0.023615504460903686,0.11756873111157978,0.2776962568953177,0.07270755041613156,0.08718114351666367,0.37569020121623836,-0.04241429110716427,-0.06125373794328595,0.019970153602299145,0.15372840252238718,0.08887653663528843,0.08382564492620422,0.05519425892832798,0.10033897948730962,0.03400375147378064,0.0,0.05275681337624759,0.08173123924671694,-0.039840056979286026,0.038784157210373565,0.038471416755383465,0.04389205477108496,0.09664573997367956,0.0024122666365872444
q117_1162034,116,There is a motif that is constantly repeated throughout the solo. Do you know which one?,Melody,High,analitica,D,A,False,0.3432539682539682,0.6567460317460319,0.33008973629097893,0.6076840389162281,1.0285916429455426,0.4981116685776713,-0.07883096982128887,0.5043395952307781,0.827512963874893,0.11317376006093237,,0.12562938323484504,0.12371720836278352,-0.08908229212896654,0.12655782495522505,-0.11537806092716738,0.30573678375549457,0.0,-0.05167222184272506,-0.09987009957997,0.25295079014999894,0.0056771572802692735,0.07170583722570123,0.024618226491305475,0.026033149715233083,-0.01799878834544991,0.043813132848780315,-0.014799701692966856,0.07416346005826456,0.0,-0.022095075316628156,-0.011822741084623485,0.03196270899614559,0.03536497711014662,0.025805591553282436
q118_1162034,117,What kind of jazz ensemble plays the song?,Instrumentation,Low,percettiva,B,A,False,0.496031746031746,0.503968253968254,0.38815076943038296,0.7190688048827184,0.9788875165849953,0.9121768660698353,0.3158628349481858,0.40918766262553274,0.08042445554497113,0.4216371476496403,,-0.02217849022554429,0.47045540231790617,0.13669957599024787,0.0936728314362194,0.21530722619903647,-0.12327135358914015,-0.013965477015554296,-0.03166921753945269,0.027573599206910895,0.06760605113179058,0.032651365888922756,0.04749773352272489,0.024286375381557774,0.17353358342686293,-0.0016229799769612533,0.005209671276044742,0.0273377696926628,0.08277062945900299,0.06864071824312225,-0.013385527939030348,0.07554446897617079,0.03719766549841836,0.06145151753579976,0.008757856249718532
q119_1227239,118,What impression does the singer aim to create with her singing style?,Mood and Expression,Low,knowledge,A,A,True,0.2012012012012012,0.7987987987987988,0.5201983510852671,1.0781390161773365,3.921181970101785,1.1899954300442033,0.08561370584968878,0.08075759752880263,3.5602225953150417,0.8269556891925521,,0.12396568959853989,0.00906773388907628,0.074707865522742,-0.1720084355334344,0.10423247334619609,-0.3266822737908326,-0.21729232261778916,0.5703805729639934,0.19094422928135718,0.0,0.0,-0.12766822085884796,0.07693587556391002,-0.016277961974817193,0.02735133112585409,0.021548394562188683,-0.08140416053455701,0.06879783241416172,-0.16466932069350645,0.26888515431438703,-0.028431838342791265,0.09964545319000695,0.06488758944942222,-0.23417305411827657
q11_1093606,10,What note of the chords does the bass play during the verse?,Harmony,High,analitica,B,A,False,0.25276752767527677,0.7472324723247232,0.39536084166917856,0.39431673728058075,1.515214499719696,0.7502461250119223,0.0023597004791574006,0.39431673728058075,0.9934987996940658,0.17954024972351287,,-0.14099890989016767,0.21088128381812482,0.0,0.0,0.19886027107416798,0.05036962211114662,-0.055501660704842914,0.13306583135130928,0.08458824843586393,0.04937930976633811,0.035603504728628804,0.0,-0.009888895866576528,-0.08129455991555656,0.07874865421016149,-0.03515864626344892,-0.03409054224312699,0.12503162777754034,-0.05370919847221809,0.1705683489054315,-0.03652647292577509,0.05715360061265092,-0.062365597387800134,0.10863705639762539
q120_1227239,119,There is a chord that is out of key. Do you know which one?,Harmony,Medium,analitica,C,A,False,0.4011627906976744,0.5988372093023255,0.6168262209686675,0.5070909318998255,0.8019021293355926,0.30698400901729683,-0.2714862730615121,0.16118186824936287,0.0568054300433626,0.11984079533175483,,0.17266997395357764,-0.14873417053300203,-0.014074378947799079,-0.02422036129222926,-0.12811209730909384,0.2164259412302591,-0.3019697707581968,0.11771045884433506,0.04998266076832528,-0.007633915875717337,0.023647807728750133,-0.0130698750885378,-0.026814785639013912,-0.007335901981563704,-0.13525797534902095,0.0682224711466903,-0.018773413304068187,0.0,-0.07849401639752585,0.06134869853742672,-0.06621691927264434,0.041069085909254524,-0.019559631596314235,0.018581305601810136
q121_1227239,120,Which instrument stands out at the front of the mix?,Instrumentation,Low,percettiva,A,A,True,0.5072706935123042,0.4927293064876958,0.4041627915261651,2.6006757069785915,3.521287569881468,1.972579226227109,0.3293278699276968,2.043090097969295,2.1120718229999644,1.972579226227109,,0.07494319817694883,-0.2509847883893672,0.09811935174669234,-0.027808016115280956,0.19368278080328977,0.4266026804227335,-0.037417460799234165,1.8952802220512097,0.18619346287855468,-0.056137067718022945,0.02487849985837558,-0.12151312121614992,0.08571571193240109,0.11916150393833647,0.06891895064969898,0.26979536791474756,-0.0690821419626003,0.44142091514859627,-0.12973899017861362,0.6195006489420138,0.030575528289651696,0.4610910100523247,0.13186684846022867,0.309770840907449
q122_114772,121,What is the main part of this song?,Structure,Medium,analitica,A,A,True,0.5913555992141453,0.40864440078585457,0.7528553913282223,2.139421032497039,1.0267704165072518,1.3452470482562922,0.04066253103091749,2.0177306310924976,-0.5897814376145581,0.13887336091981695,,-0.35609643014865244,0.04927153905631802,0.169150906468721,-0.05081316437217377,0.22760805471084894,2.02930429273845,0.0,-0.01003203633009702,0.065014512902109,0.15763678403627823,-0.0703552114984252,0.30518579728619405,-0.0130360064919599,0.39252703155546276,0.044481257530357504,0.46967812962581806,-0.05127766579992866,0.39271364986674184,-0.039905527370373305,0.20683542367808588,0.021383216070558944,0.07251636537661191,0.08435795568857912,0.02063744966730431
q123_114772,122,How would you describe the comping style of the double bass?,Harmony,Medium,analitica,A,A,True,0.2953105196451204,0.7046894803548795,0.7272406533140133,0.8125084890730799,3.868991317511944,1.1208230395315961,-0.18356012611157155,0.09516589678344929,1.5678348769652413,0.06799978967578096,,-0.32275893424614227,0.3072033140457374,0.24711524519039743,0.12361499974045376,-0.13264145546665018,-0.3586712961448153,0.024725018410823463,0.023018879142073415,0.028462497175329653,-0.044884520014584386,-0.09527036022972926,0.08524845408101613,-0.05037493516895746,0.04596676088832163,0.004075965760334928,0.0378476362504415,-0.07665013461625374,0.03657378308132227,-0.04541046272156547,-0.037207477924621396,-0.010541432672579447,0.005352903837742173,0.06214873636184922,-0.033731643416188645
q124_114772,123,What effect does the piano aim to create when playing the pedal point?,Musical Texture,Low,percettiva,C,A,False,0.1333333333333334,0.8666666666666667,0.32059295613667743,0.7714568575635347,4.156285002385772,1.762074064188949,0.29703457186088583,-0.14348169911187242,3.9318770925412863,0.2519630802634099,,0.25478817228922584,-0.4229163434215336,0.005512707817178837,-0.03455293491616989,0.04851288389237694,0.2957908156940606,-0.011779192137895782,0.018196763531770452,0.10090981932350655,-0.15878982140783626,0.0003823944229401077,-0.01307300207824912,0.0,0.04682099251956255,0.018301480552390403,0.13944161049958106,0.04080838463772442,0.06030572801658923,0.04288262803779691,-0.08646452504727069,0.03812616026848221,-0.052927141505742174,0.05562370461804523,-0.07879554010850708
q125_187621,124,What is the main purpose of this song?,Functional Context,Low,unknown,A,A,True,0.7758928571428572,0.2241071428571429,0.6251010945885509,3.4927948087830583,0.9845214807450419,1.4624299094612216,0.09306592737254846,0.5842566785041008,0.39117747803841635,-1.3078558797044975,,0.08312736240910497,2.0385257436435795,0.27595614857144474,-0.5210829883385218,-0.05677399715867736,-0.9331860768009568,-0.20924358644932387,0.0,0.08347996491566517,-0.31954711770103905,0.07322705823402083,0.3507869709670832,0.032047527954063584,0.5251676818796802,0.10010283835103768,0.0800703521697593,0.0456889669984644,0.12443050592649747,-0.28250700284203245,-0.008557228810507148,0.02672412854960841,-0.07087902875462226,0.01430244521172081,-0.09721545717275067
q126_187621,125,What emotion is mainly conveyed in this song?,Mood and Expression,Low,knowledge,A,A,True,0.6205962059620597,0.3794037940379404,0.7849718669377065,5.228942053886881,2.521653939655697,2.108529044368114,0.24590119454969528,0.9422720559045807,1.5668390034968538,-1.3388646989609487,,0.17689761588869948,1.2854782951703225,0.17856266008950222,-0.37489854872425127,0.15997625476549915,1.8001287597254083,-0.2695353361940056,-1.7684364502668986,0.218448722349319,0.799858689253476,-0.045092297774504964,-0.45049709079324085,-0.01024181708449997,-0.1957530282592398,0.0,0.2651453846071672,0.02995820648297414,0.0,0.02432300633963993,0.3177460808223664,0.13359974761073054,0.9028392534015592,-0.10509437337396345,-0.6970672331275072
q127_187621,126,Which instrumental section give this tune its unique sound?,Instrumentation,Low,percettiva,A,A,True,0.6537530266343825,0.3462469733656174,0.5472668351629328,3.199798977450534,0.67047952355879,1.4413173325656434,0.5472668351629328,2.9679635890194738,0.3039787006374943,1.3219236597162893,,0.23041943651642552,1.937344374731693,0.24866840140963187,-0.11591769421553044,0.05358699838228026,1.1465369085033112,0.014591998854595318,0.0,0.18282452218619047,0.37979352622259505,0.09764513355994317,0.6592943087758925,0.0373535993598291,0.26899836572152963,0.11957662822356958,0.7071008931472308,0.05546914934870499,0.2993684947858609,0.0727035473827422,0.5130139564750673,0.03498461239228644,0.0,-0.05329035729033297,0.1403940438912976
q128_332470,127,Why would you say this is a rumba?,Metre and Rhythm,Medium,percettiva,A,A,True,0.12733644859813084,0.8726635514018691,0.29632153460428745,0.6799934204162915,1.7991777718776951,1.565804660964113,0.20983474041366013,-0.02516287313602876,1.7991777718776951,1.565804660964113,,0.22095163860430345,0.252805912228536,0.003395661685349133,0.047208098708012076,0.028730837219321223,-0.3525781467761601,-0.043243397095313656,0.0274012627035833,0.11927039188818973,-0.0669545955797953,-0.007952061232120939,-0.011972746856155798,-0.014815983590534997,0.005198534801100187,0.024402034511125995,-0.006331440326218872,0.0,-0.07299509244487619,0.03838598760251679,0.06194839181930855,0.009296769902245178,0.02066591059229883,0.0412476013322384,0.04527816485830982
q129_332470,128,Which country do you think this music is from?,Historical and Cultural Context,Low,knowledge,A,A,True,0.670509708737864,0.32949029126213597,0.3711490299624211,0.8690659997860394,2.028504247049645,1.4604798582400609,0.31935926522672414,0.8597104633965352,2.028504247049645,0.18535256227132915,,0.1816866308323184,0.3328385446976989,0.016386173527938645,-0.0046777681947520605,0.14718134323431556,0.4811007404534826,-0.025894882367848468,0.050448946440105745,-0.0347435263189126,-0.1402689883638938,0.036825229252637905,-0.03797446688127649,0.04186539486730922,0.33873583980412775,0.11331175518985344,0.1612139284064414,0.012214677745901974,0.3077976650797701,0.014374420519925104,0.002141557880766254,0.052052983737778405,0.0,0.0834583302322307,0.22806492747059998
q12_1093606,11,What instrument plays the lead sound in the introduction?,Instrumentation,Low,percettiva,A,A,True,0.5982456140350877,0.4017543859649123,0.4395478292331637,2.6918313279534365,1.4214284738721976,1.3382832289857047,-0.32390991301038163,-0.5078826729672482,0.6128845830776304,-1.3276624388607643,,-0.1463283295159736,0.710743442447586,0.057818958111391025,0.07402302980053392,-0.16288885795069935,-1.5998570004603423,-0.07251168365509972,0.3072078552449742,-0.04151313057223128,-0.9235248537299157,0.009271206540154682,0.1381076755412402,0.06725519970537,0.16617436543376649,-0.07763742064917431,0.12796468099071026,0.0,0.14496022812683976,0.024266277270178483,-0.05699868124948645,-0.15525838598370006,-0.10362138107862175,-0.15029365932097918,-0.0009447070017812725
q130_332470,129,What intervals create dissonance in the background guitar?,Melody,Medium,analitica,B,A,False,0.14893617021276595,0.851063829787234,0.5052636424308125,0.06243545851585744,2.0303731914312664,0.47793914330948983,-0.014622443403556954,-0.005857184568230825,1.9936337889097917,-0.22834225885908502,,0.24532059951362772,-0.03414632154204413,0.0,0.025704100293811535,-0.2528287936864748,0.0022123044919645785,-0.0071142492307098605,0.0003727321880371941,0.05103789043736852,0.05357913357634997,-0.051018759439911104,-0.07467965092601625,-0.043197505873268136,0.027966584123485006,0.0016290304365344718,0.014745663864814455,0.006020117410483488,-0.031299305074893556,0.03207000843362259,-0.0012110704182455787,0.003063920974325871,-0.05630777085989786,-0.01422714578271262,0.061349231146172994
q131_182074,130,What technique does this introduction aim to recreate?,Sound Texture,Low,percettiva,B,A,False,0.6339285714285715,0.36607142857142855,0.3395038077393719,0.6508157499141112,1.8614884581015083,1.0420429951161219,0.1569720252282443,-0.07578720026680172,-1.4095410538884339,0.8257121227566091,,0.08357416139128868,-0.26064390646321517,0.15758101283929393,-0.04826713819449076,-0.0912658912555638,0.2875142748236547,0.007082742253225492,-0.05439043043275052,0.04008693304146587,0.0,0.056286283555891006,0.05650706435305978,0.0173949122440497,0.163463403601553,0.0,0.025023905931092008,0.025443789936302034,0.01707372917867249,-0.006020002876452629,0.019493290121309886,0.0018815796599840617,-0.05034449957670617,0.021898529667004285,-0.30700409387578276
q132_182074,131,What gives the drums their unique house jazz sound?,Instrumentation,Medium,percettiva,A,A,True,0.2264705882352941,0.7735294117647059,0.7467399902412856,1.7270071218361298,3.142322082573067,2.891172214846169,-0.10060259997810121,0.6876975604610447,0.9624092574556213,0.19799308656506104,,-0.05162232910729473,0.8587324633538325,0.29040614408661086,-0.5196547806875426,-0.3720489660023987,0.31137138061278746,0.03266255104498132,0.03724849718196735,-0.0049986746893414605,0.14296089509522747,0.0,0.0,-0.03249985606252524,0.0,-0.010623807853090288,-0.02164459827838082,-0.04848597393001856,-0.0014652856630687078,-0.020283798733662872,0.10236727587165215,0.04230481475445049,0.20748253852984644,-0.02601530346391323,0.2579967349057683
q133_182074,132,"What might be a reason this song is called ""Scattered Knowledge""?",Sound Texture,Low,percettiva,A,A,True,0.3072407045009785,0.6927592954990215,0.8647438575489831,0.7789933452419616,2.207183283525002,1.3065010010740021,-0.2675197108302541,-0.19762255440028131,2.085752481113841,1.1185181451507036,,-0.12164000782463523,0.1678612743229807,0.29861207335936446,-0.4294841554139669,-0.4228134453404029,0.12282412109785948,-0.021678331024580447,-0.0588237944071546,-0.04636379005373505,-0.017887580072889483,-0.03763946064846401,-0.05075444823287073,-0.03032301406588618,-0.04413818697163235,-0.02074290609737281,-0.10343495415938732,-0.0444444600900101,0.004849335561978224,-0.04910065097740325,-0.04818531416917429,0.008352572916079666,0.03323780232729816,-0.047258001813462375,0.02869079131639646
q134_172015,133,What rhythmic pattern is used by the percussion throughout the entire song?,Metre and Rhythm,High,percettiva,A,A,True,0.23170731707317074,0.7682926829268293,0.38693221425150637,1.048306631056626,1.35396837316445,0.41689656970942207,-0.09162168934415538,-0.2928191798904404,0.36500522704756744,0.051817639135322086,,-0.06344666116601255,0.2679535656531077,0.09344168929260588,-0.03874579061345193,0.05421357316106961,0.10979015992998516,-0.17583029063181832,-0.6318171148600813,0.07816015951249698,0.2591226926623155,0.002360613730345646,-0.02789291818419601,-0.015120280141635101,-0.08575039307434655,0.05027212617088975,-0.09121511544908481,0.06631403534372667,-0.10575815964318087,0.0011158455130798814,-0.09013277751738359,-0.10519555287270256,-0.03332824877789824,-0.16952863660035666,-0.11786425990666581
q135_172015,134,Which region of the world do you think the rhythm is from?,Metre and Rhythm,Low,percettiva,C,A,False,0.5092592592592592,0.49074074074074076,0.3970895940326148,3.1935986826825693,0.8199432381937478,1.35501953523389,-0.18914530577625396,1.3279561136554885,0.5931953509219786,0.2136526961966364,,-0.227479462513138,-0.636887125418543,0.04314181302304642,0.0632004908904391,-0.06563798739129639,-0.2959341590949974,0.06083033110513399,2.19757690727859,0.06313453821962764,-0.016039319295719404,0.0030900402397430644,0.41669193183097747,-0.07982913651966306,0.0939567789162156,-0.034720272614531346,-0.005012928656468796,0.036225666933866106,0.2402932752794281,-0.049373345842946184,0.2244797954969997,-0.05231936602161654,0.21602117604608906,-0.07535343017073363,0.15756540403796648
q136_172015,135,What kind of accompaniment instruments are used in the song?,Instrumentation,Low,percettiva,A,A,True,0.292022792022792,0.7079772079772081,0.2370552070724119,1.89070324385575,1.4902242891522315,1.410334121994156,-0.11958821285712307,-0.30974045065765854,-1.4902242891522315,1.116300957210765,,0.009626289664757572,0.7904813965990458,0.04910720744288684,-0.22618948731490537,-0.034177317356594177,-0.4624589489913634,-0.1441443926081733,-0.41157341095043554,0.04886269147995868,-0.05521180982038706,-0.015777919238775327,0.07000601690294317,-0.0023420571363598174,0.0,0.052002944658396354,-0.07025991327279543,0.08055454153369578,-0.023922543049183814,0.007714124139248827,0.02444062960060621,-0.09397896491124291,-0.06149075089127597,-0.19662357338204467,-0.1933020801275656
q137_250001,136,Where do you think the song could be played?,Functional Context,Low,unknown,A,A,True,0.58,0.42,0.5735790134978309,2.019903383481084,2.59435359626303,1.6213417220935917,-0.06927490683552012,2.019903383481084,2.080961270722246,-1.471322721041691,,-0.25980857083269293,1.2275798335068662,0.25215205333115537,0.13807918346456471,-0.028356367546762913,0.6542443665096531,-0.033262021787219646,0.0,-0.23956288730697892,0.0,-0.02117183365006299,-0.14183627723572076,0.024317555470081346,0.6632435596257384,0.021207189218158385,0.3638373980513825,0.021794652900749507,0.23101165432215542,0.007299593765667143,0.1673628119537472,0.02246294177727736,0.37135638758437883,0.0943778809895881,0.3649278491794027
q138_250001,137,Which instrument predominates in the solos?,Instrumentation,Medium,percettiva,A,A,True,0.7339688041594454,0.2660311958405546,0.6300550357980287,5.25707699820422,0.369656039192985,1.6557734575239724,0.2637839247920997,4.2460963611197045,0.12586036628263453,1.0993787284662784,,-0.18313555550296448,1.6704104474609345,0.11857510100579381,-0.505490318542258,0.3283443792892704,3.081176232201028,0.0,0.0,-0.2734378391276751,-0.2652903226119294,0.05854988247847184,0.30661144550915065,-0.06712291513943963,-0.18211437507850525,0.0,0.22929994391164316,0.05541600717407461,0.6508801873291415,0.12214773378172093,1.0051252878660477,0.053475541276013436,0.5061882644900702,0.3147555143489337,1.995395929704086
q139_250001,138,What type of articulation is used by lead synth in the introduction?,Performance,Medium,analitica,D,A,False,0.3552278820375334,0.6447721179624665,0.22804341335233208,0.5456444253284535,2.1471760479313637,1.2136913875714601,-0.22804341335233208,0.48101029714110555,0.03881930859270655,-0.5709785420103802,,-0.02039557313328106,0.29126580112038764,-0.12445654898744157,0.20433020627397175,-0.08319129123160947,0.017731353840420155,0.0,-0.03231706409367398,0.0,0.14513658192383583,-0.00013789535689694848,-0.007446204355433028,-0.03175608322841569,0.07112078992176908,-0.07076519307713577,0.05628174939421405,-0.04810700272747832,0.0638327264268033,-0.03145890552517186,0.0915434790073028,-0.05308935597535313,-0.045040155798712705,0.007271022538119603,0.10558133062132616
q13_1045016,12,What time signature do you hear in this song?,Metre and Rhythm,Medium,percettiva,A,A,True,0.3389121338912135,0.6610878661087867,0.3681645660185116,0.9164704020949143,3.658489899974738,0.45301071539373516,-0.29357981832212093,0.7752819420011899,3.658489899974738,0.452540217190643,,0.026832811072097826,0.4335041808205359,0.010459562776097522,-0.07059423004686213,-0.039388839650326135,0.2853128788788098,-0.29148335251999014,0.12705911234870648,-0.12826062574623381,0.15360913834265466,-0.022724489309083537,0.049753116477720384,0.034200281784651884,0.12992709442081865,-0.028252965557795686,0.08431291594306234,-0.12217607464180628,0.16691311513858353,0.0008452714884276541,0.0,0.016731082455881934,0.1107026718828743,-0.043942298796163085,0.0800638897954761
q140_1138688,139,Which instrument predominates in the accompaniment?,Instrumentation,Medium,percettiva,A,A,True,0.6449152542372881,0.35508474576271193,0.29370001823870495,1.4243807860444042,0.8969862679527034,0.9029197199315344,-0.2057089999339132,0.5433379227943949,0.8969862679527034,0.41787702283927897,,0.04399550915239588,-0.03182975761899002,-0.04625932464735828,0.07101003871382672,-0.013201953368975755,-0.40869167400601464,-0.19024323106997504,0.9128493157055728,-0.12077936576753726,0.40812282108808984,-0.047289846194552544,-0.11190051141321929,0.01768348083794695,0.07404058619881873,0.011688169617824184,0.20684554442788286,-0.01844818163327723,-0.2150373893321841,0.030639389240865334,0.28415275786509403,-0.0065307125511154945,-0.12803988533859562,-0.07267193348406717,0.02515399929850831
q141_1138688,140,Where is this kind of string instrument mostly used?,Historical and Cultural Context,Low,knowledge,B,A,False,0.5926243567753002,0.4073756432246998,0.46081138026610496,2.6104065164725974,1.3182664579308814,1.3082097541878723,0.07692479764561762,1.7599311598571177,0.8072325777943996,0.9492667415413533,,-0.07048936420894387,-0.22424745777435715,-0.0021645958707572216,-0.07704310618287254,0.2688680889558613,2.1851688381648575,-0.11928933123054257,-0.12394711435051015,-0.03269698027333835,-0.032417344023749656,0.0006323405869669875,0.24206053160833965,-0.004409267855789264,0.03017115808647551,-0.11093346307518556,0.05775120197813764,-0.022032192117268454,-0.0774756511063242,-0.02475763342551408,-0.08024750429573566,0.07934761028479048,0.3417428805889936,0.19177438352095585,1.278345887020981
q142_1138688,141,What kind of emotions does the song evoke?,Mood and Expression,Low,knowledge,A,A,True,0.3975195822454308,0.6024804177545692,0.5105971726602474,0.9639526433440302,3.4707959129553343,0.4959484111422913,-0.18447243474674274,0.8735573462333711,3.3778015465159945,-0.10751689400032513,,0.019888484912748763,-0.045197648555329505,-0.04384015200072722,0.017642304227775046,0.14317388404400352,0.7286335056048437,-0.3036946517027678,0.17247918495608183,-0.13184215906932215,0.2971372943597398,-0.0227650952086726,0.06287946745349357,0.012267359521521,0.08616214543225922,-0.010019106469956823,0.10218112301528715,0.016482496764002187,0.09539632799325545,0.010570035543337339,0.167240693624726,0.018630393906587793,0.08624663957659817,-0.07779635973423948,-0.023686345221988234
q143_14458,142,What is the predominant key in the intro?,Harmony,High,analitica,A,A,True,0.4854368932038835,0.5145631067961165,0.3633042767458853,1.829882415205846,1.275997134596388,1.055286256570153,-0.2825518683515101,-0.1583945118852007,0.37544554374732525,0.6608137320197817,,0.027688911070648997,0.052482833586126446,0.012687293126538608,-0.04067829757915115,-0.19018212615697505,-0.9534601659663722,-0.13274594639172263,0.7832611180741962,0.06427570652504346,0.08876130767541145,-0.11403464099885909,-0.17398882791977144,-0.009765820966688762,0.022447303079405026,-0.0003154628773976067,-0.06802184963145044,-0.09595160396027672,0.10901699190252245,0.0033432224410034905,-0.04431897926121711,-0.08615827109096684,-0.10404249797376877,-0.04394499742336804,0.011752040243668091
q144_14458,143,What type of interval is created between the lead voice and the backing vocalist?,Melody,High,analitica,B,A,False,0.3027210884353742,0.6972789115646258,0.1952158033750634,0.6407413322773656,2.4651622193206575,0.739255230343312,-0.07547336054306182,0.6407413322773656,1.3848054474764213,-0.25064915089491735,,0.011473242103886108,0.009963583646471213,0.012911292268137819,0.0003408223594681143,0.03548668704397685,0.2680084181550322,-0.1353445819590626,0.36242850811639415,-0.06636867852804185,0.11802015569186071,-0.061937729690634324,0.18186077031999331,0.10233062959140161,0.10482047874099615,0.0,0.10301954885991182,0.04096606427559961,0.11196828734652431,-0.08011730619699708,0.042506511421879375,-0.000326026292911126,-0.03864583275359412,-0.010020313701478652,0.01719141264979415
q145_14458,144,What instrument is used to introduce the climax of the song?,Instrumentation,Low,percettiva,A,A,True,0.33870967741935476,0.6612903225806451,0.3870587274109927,2.5887569271675934,1.61073403219525,1.1281754799903831,-0.0852523476391368,-0.10087763431891311,-0.0708799838491808,0.42296036180963376,,0.1085129185603234,1.0680333142006222,0.04239027132560457,-0.09297080055333636,-0.1353455433450344,-1.251846480189917,-0.10080999418003037,0.17590633222371804,-0.13994604868088967,0.12226037788168329,0.004834104000565775,-0.2377220297643346,-0.025989739649854897,-0.07684703684554132,-0.08629644301002105,-0.06214416439562609,0.0,-0.10926694544076436,-0.03517981160068262,-0.09726054561502243,0.11576318242416837,0.3339819399208387,0.08156240887757732,0.02612076993985374
q146_179608,145,What kind of technique best describes the bass line?,Musical Texture,Low,percettiva,B,A,False,0.38979591836734695,0.6102040816326529,0.4254349950194015,0.9353664920429208,1.2446736969038,0.6537812596454887,0.3052661173029517,0.5553735216164217,-0.7611736175169646,0.14753332539895758,,-0.0271951066903071,-0.09082406993160108,-0.032889332167917805,-0.09917241528164847,0.2836591161730432,0.7357575911923386,0.08169143998813347,0.009612415637332561,0.0828327621436732,0.3238465623032236,0.056770699815339956,0.0415546789846767,0.039363864900971796,0.16392869100615848,0.14715467844082725,-0.17016767016877826,0.018062478348825524,0.0,-0.06706848520656418,0.009194142926233016,-0.03286488005018454,0.10347333300020298,0.06101499891006274,0.0835437835647051
q147_179608,146,How are the sustained guitar chords being played in the verse?,Performance,Low,analitica,A,A,True,0.16900175131348513,0.830998248686515,0.4411160528003778,1.5947577913397892,4.045029990414817,0.5608967220602588,0.12319549303673927,0.8815311508632874,0.6206226452589719,0.24091305181796424,,-0.07503999496042972,-0.18195742418547872,0.25894881514943513,-0.17465589605277215,-0.0839202849213895,0.2984677875334957,0.02320695776912338,0.9396766835680426,-0.012605402102226583,0.011095367589576022,-0.0054714540059659506,-0.028121416976487262,-0.02574835246304189,0.19377377280533076,0.08607668953766455,0.2660014888698251,-0.03255348047022308,0.0326515530372672,0.0,0.10187230791071901,0.0,0.1731603712426524,0.11349749254053221,0.13109770638440416
q148_179608,147,What is the main musical feature of the outro?,Instrumentation,Low,percettiva,A,A,True,0.4911111111111111,0.5088888888888888,0.6611152416340176,0.8900672454408456,1.9188061408088422,1.4006794517816967,0.1418870841490248,0.5034423184930261,1.243132400512681,0.5845716927307087,,0.07509854622584385,0.15449653552471138,0.3092537829244616,0.3600929329731874,-0.25961407874249637,-0.19331246347390973,0.017148833741215744,0.18216531346903708,-0.05103115789044047,0.047103174731478833,-0.013666263880840104,0.013583034818101164,-0.055542375875003325,0.0508476473940829,0.0013017178996432704,0.0,-0.00028638856953689534,0.1042050364809227,0.16054755194578413,0.0951035355362667,0.02713913945236958,-0.046049381363696046,0.07342486106704856,0.2386492708958698
q149_150794,148,How many times is the main theme played in the intro?,Structure,Medium,analitica,D,A,False,0.27896995708154504,0.721030042918455,0.3519211283144195,0.6394612837067076,2.2739593565529335,1.372115783101497,0.11003656887940111,0.38592590664378223,-0.8022085709915763,1.0951426844520993,,0.059123359087206305,0.01454236447013494,-0.08067092869375343,0.008112011379813922,0.171855489509704,0.49003921932529604,-0.040271351023755765,-0.1267676885314627,0.0440040685486644,0.38067360276281687,0.074519258567109,0.15496078486241968,-0.009621757194893788,0.08584668936151452,-0.06036257814334184,0.0,-0.01870699936647162,-0.0950533886149096,0.014655568902544117,0.04175132713005721,0.026996409825051974,-0.02507024081353176,0.03855259774073888,-0.15718286804458478
q14_1045016,13,Which instrument is introduced in the chorus?,Instrumentation,Low,percettiva,C,A,False,0.4262295081967213,0.5737704918032787,0.4522481968805946,1.2091651265883745,0.9672234338364779,0.9817078543285536,-0.1267688255845575,0.7972006306918596,0.9672234338364779,-0.9817078543285536,,0.13461833474814805,-0.035284717945704064,0.0,-0.17069753000255328,0.028121350899870487,0.9045307797668227,-0.28950851123257604,0.09865209887329429,-0.04460858063842341,0.09710104911454828,0.004682132540079813,0.03750813082963046,0.034651911647187464,0.2526390181029414,0.0,0.07757379441117404,-0.06597294690824812,0.05553310878294773,-0.03692444017277393,0.03902341112640044,-0.029087773588169066,0.23782211832421718,0.010490871535789759,0.0
q150_150794,149,Which is the main instrument that plays in the song?,Instrumentation,Low,percettiva,A,A,True,0.7225201072386058,0.2774798927613941,0.13723743806153565,2.5515339941443704,1.9889480608492323,1.3169758269646032,0.07827205924056807,1.0675087604785947,1.8403049537022549,1.1691712048376446,,0.009163885042343865,0.051940105415421656,0.098590863608708,-0.714903910935474,-0.01126588832430574,1.7575812718960608,-0.01821680108617806,-0.027108705897413845,0.011924704913204798,-0.04979088590388131,-0.02577583880170812,0.420309326209479,0.1076346124393138,0.08693852686869108,0.0017630077750958213,-0.16033076815899963,0.04194095331492579,0.36365302563294943,-0.027213433069972696,0.10643831680223698,-0.013061208615339416,0.21436157945540785,-0.018940738714951902,0.08592963957271135
q151_150794,150,What kind of guitars are playing at the end of the song?,Instrumentation,Low,percettiva,A,A,True,0.3910472972972973,0.6089527027027026,0.6588476123703608,1.156991632083489,3.470095737265684,0.7211299818289232,-0.39849356795167734,-0.05059434047824979,-1.2382981547935437,-0.039212505931586775,,-0.12016294874670334,0.40877290660772647,0.13017702220934174,-0.6037929862808693,-0.3879702513745664,0.14442573919489304,-0.02053739003974931,0.0,-0.31152963132637523,-0.4145341650236146,-0.006633779557440725,-0.09360108821935137,-0.0681537834176136,0.0,-0.014004741498983363,0.16420581077078591,0.003650351878084282,0.25617175628249816,-0.02376611470434878,0.022004556518636628,0.033448911849771744,0.08598581057228946,-0.011504781174771612,-0.07082702137949404
q152_1051378,151,Where is this type of music usually played?,Functional Context,Low,unknown,A,A,True,0.5234505862646567,0.4765494137353434,0.7142287340832669,2.415942148770158,1.4617193986651942,1.4058664124924622,-0.15785915706102543,0.7692416978371894,1.2193058879134657,1.4058664124924622,,0.2664218517813409,1.5925919233036736,0.011762936729779783,-0.0882205324028984,-0.0009178646059816754,-0.1904382468093785,-0.43512608096616445,-0.5446914462542072,-0.08768597608616381,0.0812494114743687,0.0058878183038192505,0.15544304243698748,0.0,0.03621618334322528,0.0,0.05263459669609975,0.015853961775818774,0.015048383623098877,-0.01935988839476415,0.04606984838059078,-0.02996157279462551,0.23698919987429898,-0.042593499865110074,0.14559103200851978
q153_1051378,152,What kind of instruments are used in the song?,Instrumentation,Low,percettiva,A,A,True,0.5988700564971751,0.40112994350282494,0.15868946022410177,1.454854799030068,1.552258379327597,1.801329334998895,-0.07970238516570097,0.3278221134752446,-1.0734786617622607,1.6287986735062279,,0.014800155153062284,0.2851204084275002,0.02469338237613812,0.3095859657401395,-0.06566048023431063,0.2966320820850165,-0.05353544246059073,-0.5635163427774117,-0.11172587653235971,0.12127031530090406,0.000602897468476013,0.06794651763719807,0.11316703629906821,-0.08749760908995036,-0.07527344293452871,0.06142041830177187,0.015518393874208548,-0.012246350853397397,-0.064079474120625,0.19888943730517628,0.00029471134452791273,0.044625048583230124,0.041793369435531774,-0.0665856637096881
q154_1051378,153,What key is used in the break?,Harmony,Medium,analitica,C,A,False,0.7858974358974359,0.21410256410256404,0.443051380893,0.5003549855214425,0.8219743768054538,0.6876839305691502,-0.10447374107659965,0.4994530577789207,0.8219743768054538,-0.6326761808106485,,0.1257169976750824,-0.0004509638712609093,0.043571822233117785,0.3316097328646979,-0.06028321711494358,0.03516311741863104,-0.21347934386985626,0.13313117136685265,-0.01574661791370497,0.21435811314441955,-0.06898680597741207,0.17838904132363143,-0.07635612312816248,0.06474903251217129,0.016180944874495996,0.09002768685788867,-0.041383981072539,-0.005594390298661933,0.0023492884336849817,0.0,0.0,0.03265727071302015,0.07946955370703788,-0.07513369647354845
q155_1199044,154,What mood do you think the song conveys?,Mood and Expression,Low,knowledge,A,A,True,0.49297012302284715,0.507029876977153,0.19163439608224517,2.3814039411308494,1.6460540978423372,0.9949430030133526,0.19163439608224517,1.6829455281381676,1.4342653739483726,0.739822982910642,,0.1161035227156974,0.38059170491929917,0.02631503525357691,-0.3492292064963409,0.0419743595689232,0.8609335374196766,0.007241478544047629,0.7906494922955327,0.0935984095895399,0.19860629081470021,0.036675451430754284,0.010395932400740007,0.008893087106167012,0.09293524840764211,-0.08437322591056653,0.19085576753259362,0.11685208683754258,0.0,-0.08225812588711956,0.2982192485026808,0.0344495470127028,0.7181787815513254,0.06779716590322463,0.17375425892848542
q156_1199044,155,How would you describe the sound of the snare?,Sound Texture,Medium,percettiva,B,A,False,0.18925831202046034,0.8107416879795397,0.6555827437670645,1.259469370860359,2.8506072880325117,0.5573579537587854,-0.03189809469543475,0.7452450115205155,2.8506072880325117,-0.09316041688990682,,-0.060086024468409674,0.39569440974880243,-0.05896906506004998,-0.25711217966992184,0.31184232453581484,0.3124846222095675,-0.22468532970278993,0.29417815923206736,0.04735985265310248,0.10039106598204703,0.0680793921070133,0.05875270292702342,-0.0770329470447271,0.19333016334965372,-0.009540086023509357,0.05900230827030378,0.05876100750712214,0.03380596602957983,-0.033685690340305385,0.13091100587679694,-0.06438127950223155,0.09221064711473614,-0.021458344051899225,0.07684115197037461
q157_1199044,156,What instrument adds syncopation to the verse?,Metre and Rhythm,Medium,percettiva,C,A,False,0.5896103896103897,0.4103896103896104,0.7619553726577921,1.8750831995074728,1.9328075143805603,0.9718676452314002,-0.606060078777781,-0.19800417931220654,1.6690249958422547,-0.8102252300742127,,0.03332661094351996,0.07194297990865088,0.04462103599648566,0.7665965301889823,-0.2950698894117757,-0.9602852886251916,-0.38893783630601086,-0.07625840078464811,-0.008710980917726874,-0.018021182626509008,-0.1000479189269568,-0.1752530569105625,-0.1010361471285417,-0.00598850456198223,-0.07402102863821391,0.09267062475265708,-0.049012049018866216,0.1873272147340404,-0.048099437997477075,0.012082951827563665,-0.09973909210627205,-0.1523918259206293,-0.12539342404372633,-0.13843040060678455
q158_14014,157,What musical style do the arpeggios remind you of?,Genre and Style,Medium,knowledge,D,A,False,0.3541147132169576,0.6458852867830424,0.06451699405088461,0.2749685700053704,3.2954337613163447,1.0814846809267926,-0.038253382758324773,-0.19112261145013282,2.115307179951954,-0.8699476224855026,,-0.010128213010411745,0.01051007295035953,0.01313180564627992,0.03141290632725924,-0.01755583710850703,-0.23190751924096242,-0.023701138285685916,-0.0011380714867891585,0.057435177744607824,0.024512218742046177,-0.07121976234389776,-0.13276263966172525,-0.0046020621555803,-0.0049168667124202155,-0.03150135650503469,0.10928277744604517,0.008176467131944445,-0.07859593052177179,-0.04377610489537734,-0.055984910947996264,0.02331357586222499,-0.027744020580819713,0.023920682402788048,-0.024913239213490902
q159_14014,158,What can you say about the harmony?,Harmony,Medium,analitica,A,A,True,0.41213389121338906,0.5878661087866108,0.3383953231150593,1.0181863764854397,2.8768407921601797,1.5759168215360333,0.2795966926483469,1.0181863764854397,2.4366575486397526,-1.1235724677796777,,-0.00576994360888884,0.12158899341616869,0.0,0.020952837414069395,0.3089960078817031,0.7087749854635228,-0.023629371624467363,0.16686956019167898,0.13690605400167072,0.922987365956342,-0.0027954300869519975,0.08136516872733869,-0.0050064911960970215,0.04703756619568621,0.04672951137485379,-0.017899028517504238,-0.04144096799588669,0.2875686917464384,0.013694817532337578,0.08323558206964964,0.08325879468905095,-0.3302519140212555,0.0482504043293696,-0.055857055671255394
q15_1045016,14,Where is the shaker positioned in the stereo field?,Sound Texture,Low,percettiva,A,A,True,0.15336879432624112,0.8466312056737588,0.2765558226824427,0.9831354937542175,2.842341440995327,0.7353588280592093,-0.2765558226824427,0.38199628882505665,1.7852563210907042,0.21254198748915137,,-0.0558435232635943,0.39710272568508365,-0.0012942044559647418,-0.29864695342064346,-0.009328320822869142,0.28546316560455337,-0.2100897741400145,-0.001922649043936936,-0.15064722686473628,0.09346032991782721,0.08796219841702185,0.12451827070160584,0.019991971971003844,0.1279362098844038,-0.037632941348813835,0.04496483192213114,-0.040813406164991115,0.05509612978881201,-0.06253081027004906,-0.008024053337721514,-0.16924732855546087,0.08744405304881316,0.07636172013358278,-0.14339948310081502
q160_14014,159,What can you say about the bass notes?,Melody,Medium,analitica,B,A,False,0.2615062761506276,0.7384937238493724,0.29580077374720964,0.6335893126487411,1.9625440854137444,0.6017770566366619,0.24320814172791969,-0.6335893126487411,1.3434189734446271,-0.36383677104017553,,0.048291050074979976,-0.013256968104846688,-0.00403935425112718,-0.028307154217276625,0.22121340766258465,-0.5703915093754702,-0.022256961758517803,-0.02163368095114746,0.06557678668481852,-0.06891008205679047,0.04864657093981653,-0.15863496747869327,0.041212556171325,-0.050741870323607226,-0.019545469005206824,-0.044239576143624074,0.008473831437633186,-0.021148720611046584,-0.018304388196038655,-0.03782237346147469,0.08776783994110039,-0.16037636626484833,0.02938041375447152,-0.0917153563086564
q161_1177896,160,What would you add to the drums to make them more present?,Sound Texture,High,percettiva,C,A,False,0.28621495327102797,0.713785046728972,0.5106688757058485,0.4293037604952641,2.2194263298166215,0.9191828705624914,-0.4109023272725355,0.31713729811387886,-1.7077106275256206,0.81908382908118,,0.003906471443507403,-0.05486426662192841,0.027131214159041392,-0.0012189645687641741,0.01884558861410772,0.2124211624653509,-0.460785601489192,0.16079936683922055,0.050199470730402075,0.064736149358348,0.0,-0.0010792509606759974,-0.018076096839435153,-0.015591674364003775,-0.1407144988315929,0.048100246217065955,-0.11548646747391536,0.10921049032892781,-0.11234685517393489,0.10507789847084062,-0.0595618053984285,-0.03318430089880361,-0.014916074285630809,0.039867739962179856
q162_1177896,161,What can you say about the harmonic structure?,Harmony,Medium,analitica,A,A,True,0.7127071823204421,0.28729281767955805,1.107984980466999,0.963176622314005,1.724124475876037,1.251712246017299,-0.6960859345788792,-0.31505333136274816,0.7861258079275271,0.8598519277112051,,0.06507519218717503,0.025803150008147924,0.14087433075688482,0.051051172963701236,-0.09820660697971773,0.24720732250377925,-0.8038288505432214,-0.6391149768383766,-0.29580900108880964,-0.611648341947087,-0.0010190794440918596,0.13927984307883057,-0.007963079600904345,0.24065456335934812,0.07709972807152099,0.11860687885177841,-0.021792757263387766,-0.12074059837303451,-0.15582573741928607,-0.05014619760808413,-0.18536703582762332,-0.17245909153205075,-0.10540897200629722,0.1413996128075511
q163_1177896,162,Which age group is most likely to listen to this tune?,Functional Context,Low,unknown,D,A,False,0.5520361990950226,0.44796380090497734,0.17586569446694156,0.5014727059199996,1.3418335234164738,1.3741998875046084,-0.1256663909712964,0.3589973113917818,1.3418335234164738,1.2134623409982606,,0.014092390601141223,0.034487985956904596,-0.09489573488288032,-0.06587387496379854,0.01100726114668137,-0.005363822300310329,-0.05587030783623867,0.3957470226989861,0.015160406419046276,-0.09369021101430525,-0.06072503668273073,-0.13997694312590092,-0.018292496500994036,-0.07517673996622523,-0.04786800348120234,-0.04266597579580162,0.04185827397277534,0.19365517263996399,-0.0120835785569749,0.1375527441313828,0.047507008376806624,0.4430261867780505,-0.09122296451802261,-0.06372692225538246
q164_1227240,163,Why can you say the piano is not acoustic?,Sound Texture,Medium,percettiva,A,A,True,0.4607201309328969,0.5392798690671031,0.7702453581807331,1.0083192203534583,4.863588104297789,0.7306038421076269,-0.7157886941296019,-0.8816020708146078,4.863588104297789,-0.042840347258655154,,-0.034556518940308666,-0.07064640769807116,0.027228332025565623,-0.07303418650381037,-0.2000200161338431,0.06335857476942525,-0.5084404910810157,-0.8012800513821515,0.024557429630944927,-0.10550671608684142,0.02963382508910103,-0.14210606777599358,-0.0841785560739487,-0.20294907462708078,-0.05959911565286803,-0.09630649349588213,-0.18099209091495178,-0.13378796909541366,-0.14114899132588601,-0.07167086660800223,-0.1471154744060141,-0.08658167618101141,-0.15694572047597927,-0.04269320694438263
q165_1227240,164,"What notes are sung by the vocals when the lyrics say ""This is the loneliest""?",Melody,High,analitica,D,A,False,0.48000000000000004,0.52,0.26281800892070156,0.3572701246618686,1.1048276246823976,0.6738721399417081,0.029993618965274832,0.030541405059082025,0.27608127103224045,0.45538166815539516,,-0.0666400677978095,0.10371732102131678,0.007515247101893774,-0.008911489533360559,0.1388905668410944,-0.1544528702680327,-0.049772127179903855,0.0901884438391585,-0.02042326714206453,-0.15263486400128146,-0.0144624555302777,-0.010966964257509614,0.0,0.01809935652491174,-0.029736823988313524,0.1158321565206963,0.01735425954980252,0.05085638531387151,0.0,-0.023164511529206185,0.007406158972410364,-0.032829618239317654,0.06985574710371771,0.06534946472691743
q166_1227240,165,What mood does the synth create at the end of the song?,Mood and Expression,Low,knowledge,A,A,True,0.26855123674911663,0.7314487632508834,0.5433560111609412,1.0375709872920735,3.5023727547859944,1.6752076859998435,-0.1820760426654339,-0.11675064968563277,1.7885752755925548,0.6465123737761935,,0.07034792693619871,-0.4937052307591052,0.11029205731155496,-0.054763533537230846,-0.17576956090373255,0.46041016880322044,-0.18694646600945503,-0.02869205419251715,0.007884654160034768,0.0,3.5687419767865824e-05,0.07232556150401716,-0.04161484334953158,-0.07585064826858445,-0.05304062190551413,-0.005422895062378051,0.028610121788142914,-0.2206927368760817,-0.09448289341372407,0.1453748560588901,0.0,-0.10519741024599084,-0.029468147364609686,0.07271262320449504
q167_7096,166,What is the rhythm feeling of the vocals in the chorus?,Metre and Rhythm,Medium,percettiva,A,A,True,0.45639534883720917,0.5436046511627907,0.7049251225781729,2.9323575864843843,2.022312210515,0.6943005023004514,-0.37942689976516186,0.7331718038502146,1.1745076674553998,0.12228449971371279,,-0.07176739691814343,-0.724063990085855,0.1627491114065055,-0.21919340023951284,-0.1449829272344737,-0.15633550099171684,-0.3254256870190502,1.8327646951672993,-0.3833164803152824,-0.6155166734849447,0.0383139233623295,0.18126398800777965,-0.08686393678825868,0.3370001011622427,0.020193880921403767,0.12740759053236048,0.0,0.09439352475623604,0.0,0.2813435773728046,-0.003171626827712541,-0.19454859271656905,0.03541733988235859,0.521828288220305
q168_7096,167,"Right before the first verse, there are chords that are reminiscent of a particular jazz style. Do you know which one?",Genre and Style,High,knowledge,A,A,True,0.41287128712871285,0.5871287128712872,0.39497812382617803,0.4966481350596891,2.413616146424885,1.2189243941111565,-0.2350741656389065,0.3226074919528763,1.6382586489138227,-0.5144511834191636,,-0.07539649265237404,-0.06761308563236496,0.06914380221946281,-0.01940723592104142,0.010808176874172945,0.23291489344452238,-0.23962965208016823,0.17671292006176034,0.05181039491123181,0.001446366455149336,-0.09283438241561841,0.010759937898404667,0.0051512819017008014,-0.007595467685721172,-0.08270912965384906,0.06698114027767849,-0.026766658531063928,-0.05790843890524318,-0.07620492655494447,-0.009615324082128472,-0.04275125734762745,0.021292716101007345,0.02923051205126418,0.29724656189372933
q169_7096,168,The chorus starts with two descending notes in the bass. Can you determine the intervallic movement?,Melody,Medium,analitica,B,A,False,0.27499999999999997,0.725,0.45459859917942735,0.19858194293392786,2.426848580181451,0.7284662971293354,-0.2833614097336889,0.12796125051362345,2.426848580181451,-0.22096241844044368,,-0.041679694882712184,-0.03531034621015221,-0.035064833040436005,0.10163942446367519,0.08561859472286923,0.04322508470668857,-0.2922354765334099,0.018407087553411878,-0.2516397527094256,0.0433491911482831,-0.0225944399813542,0.0019673880889375314,-0.026101153099195907,0.024566483742801886,-0.009841525131592178,0.015924198948323743,-0.024389273019369356,0.04173485474371289,0.03196862267178562,-0.0029179457857380457,-0.031334234342665315,-0.0017570331437032835,0.050570345878128115,0.005094112771005618
q16_1100505,15,What type of synthesizer sound predominates in the chorus behind the vocals?,Sound Texture,Medium,percettiva,A,A,True,0.2795414462081129,0.7204585537918872,0.41223640079633445,0.5111284254152234,4.649815935280766,1.4662873508371466,-0.41223640079633445,0.13988015182585,3.591581069025149,-0.49800762728079223,,-0.10813879781523862,-0.16410834949824699,-0.022374836768799446,0.0,-0.13498422452711267,0.3255042886205367,-0.1467385416851837,-0.0215157872964397,-0.007907824374143266,-0.07955407919618315,-0.0846005317613282,0.023266870470282097,-0.017983662408153182,0.058176940068371784,-0.07070196176601724,-0.01684321557691742,-0.07942504241591851,-0.060238276410124705,-0.03389312516736586,-0.04009339620393351,-0.058615464163488465,0.039635629492631545,-0.059108788739919656,0.2155296791817234
q170_1103980,169,There is an harmonic dissonance in the fourth eighth note of the piano introduction. Can you determine the interval?,Harmony,High,analitica,B,A,False,0.38668555240793195,0.613314447592068,0.6441697391860988,0.44533560433915703,2.2681376093922405,0.5422155573905385,-0.020014351978752454,-0.0891707112930476,1.5422493535321724,-0.49884862733927554,,0.005522538022658608,-0.0014894346566491912,-0.01726763314079762,-0.016386602858451758,0.3065551555810146,-0.24937712030100134,-0.314824412441628,0.17808244652305472,0.08525445412676268,-0.041297908530955094,0.07357179328420116,0.017154310675282225,-0.017713065769353966,0.08527512529644544,-0.05050031506041565,0.03410425194691269,0.08229636353829596,-0.09397620409499803,-0.08922949928092197,0.030612274943026947,-0.023154571414170804,-0.027443302277069148,-0.08053951140314983,-0.09359925925169259
q171_1103980,170,The chorus suddenly changes the vibe of the song. How does the music create this?,Harmony,High,analitica,B,A,False,0.2252066115702479,0.774793388429752,0.4237301810528961,0.5580615249645421,3.306222863775369,0.800563083315385,0.18186712093182805,-0.5471591183038464,1.876693095580233,-0.04007597673090753,,0.0,0.005451203330347846,0.04632136989813535,-0.06104808216635942,0.25647728109422674,-0.2140814398528311,-0.12093153006053402,-0.2774807996150037,0.12859432659137418,-0.201716375652007,-0.027575345583102765,0.06858257714378589,-0.027450060650912215,-0.005986719882350954,0.035718613697952296,-0.013288692952861872,-0.022495705301941497,-0.03949629201567554,0.003050791447842729,-0.0635221816667671,0.02013252564823377,-0.08194459338213593,0.07189197508238161,-0.20978683989583383
q172_1103980,171,What instrument does the piano sound like with the arpeggio texture of the introduction?,Instrumentation,Low,percettiva,D,A,False,0.3021978021978022,0.6978021978021979,0.1257636326422362,0.4442447943106753,1.479260552367398,0.9662050628410495,-0.034296310475337925,-0.3913070727650247,0.46261116595450236,-0.23131419516386642,,-0.009329938919390672,0.026468860772825318,-0.03336855748434428,-0.0221995759726416,0.04573366108344914,-0.11214840006555765,-0.03733147515505211,-0.2834279574996508,0.038617232454642166,-0.08840264034021225,-0.02465846053376133,-0.004205628090471265,-0.04235608977601062,-0.0330985287578717,0.024792234944000496,-0.07917108141596724,0.009436540530784616,-0.1203908855704629,-0.023587519690080706,-0.0055711028308624115,-0.04218576617981562,-0.05954750137260916,0.025645517774903075,-0.0009197043865677851
q173_121123,172,What mode is used in the exposition of the melody?,Melody,High,analitica,A,A,True,0.4428571428571428,0.5571428571428572,0.7112604033846011,0.8158129176849316,1.4908966145148868,1.2352316374418877,0.3736466769201235,0.8158129176849316,1.0211635513700217,0.48551920871463816,,-0.16880686323223876,0.36164962007649465,0.48437494815605725,0.17456830630701986,0.058078591996304996,0.279594991301417,0.0,0.0,0.0,0.0454020283196377,-0.04690853445130748,-0.04899929331743688,0.017848404145237834,0.06265703065453296,0.04660608967673146,0.14219761369765319,0.034788907396576016,0.05956510138681861,0.08248936152016337,0.2137568811324507,0.08662376394068437,0.30982690195159623,0.1521986846920379,0.03140665385967891
q174_121123,173,What is the subdivision of the beats in this tune?,Metre and Rhythm,Medium,percettiva,B,A,False,0.2926829268292683,0.7073170731707317,0.38330014427081427,1.3234565309887332,1.5506206866615222,0.8327957392777277,-0.13566586015754833,0.6745159696765721,-0.8661893406804514,0.0061633109809792405,,-0.2578147839845645,0.9709782593109272,-0.0016682182296168177,-0.021810866786892404,0.12302633268115203,-0.3026594138691882,0.0007908093754809397,0.028007991021725444,0.01495225791136696,0.043419169641704454,0.002555473623642132,0.2009890358724674,0.0,0.22734400234111765,0.01872281637009148,0.003357766984669233,0.030743707876279974,-0.022540568644025594,-0.14152076122593021,0.1810499308934895,-0.07300998778777608,0.07187342334659466,0.01189063307477745,-0.030976790759445323
q175_121123,174,What time signature would you say this is?,Metre and Rhythm,High,percettiva,D,A,False,0.3710526315789473,0.6289473684210526,0.17966950402544077,0.5223942146112659,2.0369384654391376,0.5984545239549917,0.17966950402544077,-0.069175212527357,2.009368580722321,-0.5984545239549917,,0.1133105013333028,-0.1554693633042808,0.045080304078904065,-0.14031535026503064,0.011807951274371599,0.22660950104195446,0.00947074733886232,0.0,0.0,-0.09113025985175778,0.030216468842010555,-0.021080912286611436,0.03466632257856847,0.05312015468352145,0.02396634372788533,-0.0499033930211313,-0.01790735314366108,0.020122758092246906,0.07849855598761642,-0.022190928744798603,0.041500099524923194,-0.056348301129212526,-0.011270933491902113,0.0982356697303863
q176_1076450,175,What type of rhythm is used in the guitar introduction?,Metre and Rhythm,Medium,percettiva,D,A,False,0.210727969348659,0.7892720306513411,0.40800958903595536,0.9493277876181456,1.4175014763696947,0.6487886362742578,-0.02707394121073975,-0.08204507824724855,-0.13148322099794188,0.2628282385484295,,-0.008163318330507824,0.020384788558118403,-0.021151738135572033,0.027511639919492833,0.1904678239126078,-0.5156864329326971,-0.1882267086572677,0.38574492620783735,0.0027200222711617067,-0.1665093158011135,0.01201687266015712,0.009121229224581832,-0.020271172320154834,0.09580694516928169,0.033224785140042616,-0.040320202316643884,0.02833922561682292,-0.0935193365607075,-0.003554410622756611,-0.048132139277987096,-0.05109435085425336,0.00422393676489044,-0.028454913101759308,0.15728380455044938
q177_1076450,176,What instruments seem to duplicate the melody in the beginning of the verse?,Instrumentation,Medium,percettiva,A,A,True,0.5357698289269052,0.4642301710730949,0.0943657732377689,2.0428912847743095,1.7158999612333306,1.2382063916464456,-0.027832255110790363,0.6183396215882911,-1.2324077921218175,-0.06788524120119983,,-0.01897900196396192,-0.05740712754406119,-0.008313169476627491,0.0,0.03326675906348927,-0.654868704048948,-0.03380684273369022,1.3306154531813004,0.0,0.06080865382104486,0.04143491677026265,0.16636840589072596,0.003599222812395879,0.1045246142980697,0.06621801408189151,0.08114638401934407,-0.05404345868397893,-0.11261902043274753,-0.04775393747562406,0.026678694410246645,0.0032669418667608217,0.10097337178586213,-0.04055395448249823,0.1904585177957451
q178_1076450,177,"What is the most important word in the vocal melody, taking into account the melodic contour?",Melody,Medium,analitica,A,A,True,0.7972077614765736,0.20279223852342637,0.5809867040943307,4.6497554716398595,1.8232510351371098,2.2195289344805325,0.5189182984807965,4.004348298317855,0.6414725600677269,0.8741445656925653,,-0.010627530801301856,0.06973729460186018,-0.02040667200546526,-0.10771621288264954,0.05783670209445552,-0.21498737377835248,0.4921157991931081,4.257314590376997,0.14266688571836986,0.44747143085592445,0.18127436120915838,0.9565886338551061,0.391479951947557,2.7484891607742172,0.0,-0.08664962704821856,0.04461655071837457,0.33061329704295744,0.014626591657675719,-0.10616243661595863,-0.10220894210646236,-0.277489319532975,-0.15353710066387657,-0.008512841013198241
q179_1407836,178,When are the electric guitar chords played in the introduction?,Metre and Rhythm,Medium,percettiva,A,A,True,0.38771186440677974,0.6122881355932204,0.8545199798532528,0.5667634723302448,2.0577949652147067,0.8384659756150556,-0.100579910062643,-0.2898284426900837,0.1244637046622756,0.47342885576272675,,0.23038682219064038,-0.2802929076157643,0.14658321270466454,-0.10736315247388778,-0.1311122749407253,-0.04063989742051219,-0.3464376700172226,0.13846751482008057,-0.0010153291828845015,-0.0331924781683743,0.062461625727120045,-0.03453263302912049,-0.0914878567312009,-0.009577520847664424,-0.023613111276431523,-0.023813992704333146,-0.06587468370811175,-0.062470554634446875,-0.08713345637801295,0.1360544477212933,-0.013136455871977641,-0.044162306976292295,0.11921935735885625,-0.21813340405114545
q17_1100505,16,How are the hi-hats played in this song?,Performance,Medium,analitica,B,A,False,0.40308370044052866,0.5969162995594713,0.2529739492712215,0.9661886300742835,1.536678917238444,0.6318997732661524,0.13010606116472018,-0.3771099419808037,0.23835673186471712,0.17820610510024743,,0.008257903385046783,0.29453934404673987,-0.06143394405325066,-0.030392606691465856,0.14717921164351072,-0.03667878149379164,0.036102890189413345,-0.6045778978422861,0.1689675647884132,-0.10048237705941575,0.0,-0.018015284957193477,0.0008705234823477119,-0.13718211165872618,-0.021064925162160762,-0.17340458474862613,-0.014836599217089323,-0.12930321041359777,0.017912820588946783,0.03372876590332016,0.0012285115342156455,0.051477932960312105,-0.0229718348499531,0.09607092799312339
q180_1407836,179,Which type of radio station would be more likely to play this tune?,Functional Context,Low,unknown,A,A,True,0.4332901554404145,0.5667098445595855,0.8626811429881578,3.094753647027995,2.550975898963066,2.9857803667609963,0.3401385241051689,2.8717512112530033,0.29874860195837166,2.9857803667609963,,0.3030234509325048,0.2073222529835983,0.12292237059387093,-0.11150121788749578,0.17546401202028755,2.0379489208499866,-0.2612713094414944,0.7379812553069143,0.0764540062167663,0.4863251486212537,0.08026886885130288,0.0,-0.027917660524145856,0.38051790870201185,-0.03335639740727335,-0.2173285747436201,0.01966732414924388,0.6425184755682041,-0.0481929735111098,0.4924468329116489,0.026865023781078662,0.4360036093568783,0.24635033254930622,0.6512678108366265
q181_1407836,180,"If you were a teacher, at which moment of the lesson would you use this song?",Functional Context,Low,unknown,A,A,True,0.3680738786279683,0.6319261213720317,0.7310131576665022,1.0286717315907574,1.6279465588638555,1.6905997315818664,-0.013845193075905315,0.6411408228608702,-0.021409549825623653,1.6905997315818664,,0.24098569361986408,-0.03643651375036643,0.1175982886754344,-0.15732894061457714,-0.07960248712862596,0.3693463485862502,-0.29282668824257785,0.4655599286395635,0.03850415314322772,0.29298765026581575,0.06051374418123387,0.009079451029315677,-0.0443757524681741,0.3982059714338061,-0.044836306816179165,-0.17142915642589723,-0.07392225921570948,-0.0866486212109841,-0.060143674602701036,0.4829928712932219,-0.025725622212510096,-0.1512749130826536,0.13614052491490689,-0.13277243044175432
q182_357330,181,What could be the meaning of the lyrics?,Lyrics,Low,unknown,B,A,False,0.7164429530201343,0.28355704697986583,0.8510183719658422,1.2723589729719422,0.9836379291001888,1.5424810383605414,-0.2851208813237724,0.8922727409878201,0.6879414085611424,0.8838620916766333,,-0.21364550705150623,-0.009961759468056136,-0.029994539658259996,-0.11169391273711765,-0.32442957993504107,-0.06838744378688735,0.2829487453210349,1.0823158569798812,-0.15248711831763884,0.4602863186340259,-0.08564586259916787,0.09808902786577808,-0.053715468295557206,-0.22123063397735984,0.10135358410147897,0.2933774483508837,0.11470217008720941,0.666667168181956,-0.029994539658259996,0.04270669228700225,-0.09134613000454092,-0.12617819969081814,-0.08798751663729595,-0.32144508066364785
q183_357330,182,What is the rhythm pattern of the bass?,Metre and Rhythm,Medium,percettiva,A,A,True,0.7193229901269393,0.28067700987306066,0.47758388924993056,0.7457744022137103,1.1704037057884373,0.8706089212670346,-0.2656849041396882,0.7457744022137103,0.9114968528725058,-0.15865806526566448,,-0.11093807676649978,0.26412822051942936,0.10594949255512119,0.10713776335283051,-0.0876897174648664,0.18827048622423245,-0.17300660246344324,0.18623793211721798,-0.08760514964234106,0.10705089986665775,-0.07189192198505873,-0.02513383786071588,0.06405145950018862,0.15744485110067616,-0.0652019021278471,0.13782244200720567,-0.05756965626256559,0.11347710317120577,-0.025705044274769204,0.10224500375831846,-0.012404295984524284,0.11969679344560939,-0.009358393362770907,0.03317114672475299
q184_357330,183,How could you interpret this song from a feminist perspective?,Lyrics,Low,unknown,B,A,False,0.35221674876847286,0.647783251231527,0.6407633990887086,1.2125161441521615,3.7654822528819323,1.9203761072050616,-0.5493846243226089,-1.2125161441521615,3.2604604349759114,-1.8066830344308267,,-0.2016128335810055,-0.10777683230864522,0.0,-0.009323844151972505,-0.3934611781246532,-0.4050357815706403,0.04568938738304984,-0.6903796861209035,-0.22285932336298964,-0.2500694673203463,-0.1034804408968476,-0.023552435682314535,-0.034310777799988576,0.020070643261434068,0.031001770355537278,-0.0889196606898787,-0.04135909801904602,-0.4771615210068584,0.0,-0.06021394363343238,-0.10290406299599122,-0.16938692117820753,-0.07547269160328315,-0.1632828379025578
q185_661634,184,What harmonic progression can be heard in the introduction?,Harmony,High,analitica,A,A,True,0.3729050279329609,0.6270949720670391,0.3770831561092642,0.31668923252643644,1.6789911260953412,0.31490070564994666,-0.21019362055400892,0.21406731203392645,0.6295807507908373,-0.003675971699252588,,0.013301350126174121,-0.02218274713151432,0.07014341765145352,-0.029128213114740665,-0.028665911013009485,0.14000370782238142,-0.26497247731862705,0.12537456445780001,0.016587093849138927,-0.01243441172678129,0.03844745964876642,0.08030584975858289,-0.011570656321153094,0.04889687022764142,0.06890313426269508,0.020479409461901854,-0.02779724735958355,0.01701558573671891,-0.1977346266633218,0.06335494317672513,-0.12437321334679105,-0.009207422630059097,0.027344435376240206,0.005656488029196629
q186_661634,185,Which musical element predominates over the others in this tune?,Harmony,Medium,analitica,A,A,True,0.40894568690095845,0.5910543130990416,0.33798795288655126,0.8836353429089118,1.6250723246250534,0.7354141080973265,-0.14763732206926725,0.8836353429089118,-1.4472641759821472,-0.08026945630222293,,0.010332968468334784,0.028786812360588096,0.05999218514018494,0.010837523710304055,0.02485016180012229,0.5987552846695269,-0.24281263747790927,0.24525572216849278,0.012265760299153536,0.08122975783945412,0.02921654179398414,0.016230432323354544,-0.01289847501591867,0.058221990256665176,0.0647087312057528,0.028723726908864395,-0.027539722711899407,0.0,-0.16372336016760483,0.3173540784163895,-0.09232330409153469,0.2401817687443858,0.042656506618799855,0.1416935884197983
q187_661634,186,How does this tune enhance the tonal harmony?,Harmony,High,analitica,B,A,False,0.18478260869565216,0.8152173913043478,0.46780363292964355,0.3372073657337973,1.9098725334835076,0.5189099190549618,0.02207427624329117,-0.013205599873635135,0.8665300023706027,-0.3222823758408202,,0.029216781481055876,-0.010061297123371542,0.03970074069924401,-0.044835901198296765,0.17602143240616747,0.16200088293008108,-0.2228646783431762,-0.1203092844820479,-0.02327258867663693,0.0208373156400696,0.011473722125863145,0.0,0.11127668991216004,-0.14260851044415476,0.036146981752218116,-0.042083725303902725,0.0,-0.009397359549565824,-0.04273613541966234,-0.048452898850233725,-0.08545038508749293,0.10951231843465564,0.014635991636842077,0.09898726019949664
q188_312915,187,What brass instruments are played in the intro?,Instrumentation,Medium,percettiva,A,A,True,0.5277296360485269,0.47227036395147315,0.8006397276140775,1.8528038033317022,2.6025155486221383,1.1986635164841104,-0.2966708567351015,-0.3736452116919135,1.6024543722979416,-0.7606127278885972,,-0.2243174465084834,-0.5181416763600413,0.25198443543948806,0.07285244897282021,-0.1432878758393615,0.6667268468470742,-0.18104996982674465,-0.5950828311517666,-0.2000193813451276,-0.6286916353168579,-0.020950063918916958,0.200171395097806,0.031937932636006604,0.28883958668494647,0.0709181738702077,0.15287622284579652,-0.05370293449424148,-0.028191802312003203,-0.02127857765089492,-0.05599709509745842,-0.04611316426296262,-0.09633239548173796,-0.05746284156917221,-0.20631948811240478
q189_312915,188,How are the phrases distributed among the brass section in the intro?,Instrumentation,Medium,percettiva,A,A,True,0.22084130019120457,0.7791586998087954,0.6522730050996032,1.2111414144514714,3.711600616780648,2.002347593855955,-0.25653025197014956,-0.11626556457197379,2.6334756311341803,0.25731621317818887,,-0.13011349249144838,0.1791262391336929,0.1978713765647268,-0.1454288473660476,-0.15292190910084708,0.3683116858060559,-0.1713662269425809,-0.518274642145675,-0.11561220631948582,0.04072703744392696,-0.02423162079908265,0.05684945645489988,-0.013642580517233119,0.05798227552549472,0.06636003539456294,0.09720542585028613,-0.07520657126712721,-0.06480404557705259,-0.030426118151097997,-0.15591771337114196,-0.046774759702916655,-0.11880519629195652,-0.016996430607769016,-0.0295028046064304
q18_1100505,17,"During the introduction, there is a low-pass filter that is changing its frequency. Could you say in which direction it is shifting?",Sound Texture,Medium,percettiva,B,A,False,0.408,0.592,0.23914860464541654,0.4861139625682928,1.948165440548161,0.4195952096066901,-0.05793289500479394,-0.2141459448602988,1.1841519854540263,-0.014412597809001414,,-0.11411940750218044,0.135984008853997,-0.004525044124441588,-0.018705506720293117,0.0906078548203113,-0.23297716060111395,-0.029896298198483218,-0.09844728639288874,0.12352773239784992,-0.10857207002682258,0.01596353096976004,-0.033379567981862854,0.15442044715745024,-0.18401950298092565,-0.022696069229742304,-0.003976169199705976,-0.05052309953049393,-0.015102821170041022,-0.040882202717613184,0.018185397277864276,-0.11015405955772162,0.09033598067974973,-0.1275891744942831,0.022382808541445257
q190_312915,189,What region of the world does this type of rhythm usually remind you of?,Metre and Rhythm,Low,percettiva,A,A,True,0.5623020063357973,0.43769799366420276,0.690563205103569,2.231860416969057,3.1515768763489267,2.0904284554691714,-0.29435371452277487,1.3484975965092438,2.7214335593987893,0.3888765616354009,,-0.26258654172083307,-0.4416747477282963,0.19810474529039712,-6.662501610174565e-06,-0.06635517983073204,1.4849209213215107,-0.1635167382616069,0.30525808541763966,-0.02993200818017052,0.516174252265765,0.01829800100317696,0.41127348042846973,-0.0942277899911529,-0.1027180497812365,0.0506668668102983,0.1835202684803069,-0.02268188363013541,0.0,-0.23428927624407614,0.039874440248389015,-0.005013166850933819,0.050569353643401774,0.022825542560218678,0.24980385122414794
q191_1381590,190,What is the main string instrument in the song apart from the ukulele?,Instrumentation,Low,percettiva,C,A,False,0.2684887459807074,0.7315112540192926,0.14656287221816255,1.3951599209488723,2.5240178057142617,2.3211235159008865,-0.028360967238151943,1.1483526116586678,1.0805912312275856,1.444563760053783,,0.02856522695217873,-0.12340365464510236,0.014660391702457181,0.13382075824584233,0.01587533383536939,0.9014495876792149,-0.08746191972815724,0.23648592037871285,-0.12505844704240726,0.020834106826991772,0.0,0.10176101085511423,0.06965576317895383,0.11394553792856342,0.0,0.0,0.0109201002749588,0.202584160679952,-0.018294481523744244,0.18325328956173997,-0.020283180120907393,0.2839741020435372,0.05469927799499429,0.2420004037627692
q192_1381590,191,How many voices are recorded in the song?,Musical Texture,Medium,percettiva,A,A,True,0.6235294117647058,0.3764705882352941,0.6644338122321549,3.6400067132390124,2.4520763765361338,1.3047041704853974,0.0006933885942511167,2.933908634455596,-1.1162683918034997,0.9082284858889466,,0.032939509001497745,-0.0863730289964724,0.2996240914117053,-0.26667601039523564,-0.2861227618040664,0.4968492897799239,-0.04574745001488555,2.79010838406738,0.0013966115300478726,0.045142373074001665,-0.04316230383219801,-0.08172294371251977,-0.018447234142642984,0.35291689115255226,0.05174445506828616,0.16320783501920935,-0.08508916056549455,0.40080976206002983,-0.04557486544393399,0.49144613911073354,0.03532716390511711,0.8019662790947297,0.10449872207506952,0.7601422986568596
q193_1381590,192,Which percussion instruments are played in the song?,Instrumentation,Medium,percettiva,A,A,True,0.2854785478547855,0.7145214521452145,1.3510959486370315,2.9573284002752755,1.8152249367759088,0.8453690886974956,-0.8976774517864248,0.5596801940008209,0.054660780552633015,0.7374642212604047,,0.18022398238666998,1.7585042971380482,0.04648526603863335,-0.14231844300499003,-0.6995218897839628,-0.5636407786221866,-0.42486481042776536,-0.4928648815100507,-0.42212729264329385,0.0,-0.006163901607658104,0.0161369838255013,-0.10378939524615871,-0.0024583373681685283,-0.10810511978696055,0.012077758792659182,-0.04782800237049295,0.08823494127696638,-0.09714054720368216,0.2322294566096199,-0.05547611487232127,-0.00846681376248759,-0.05704707805585715,0.22192620462673043
q194_1268901,193,What kind of guitar technique is used in this song?,Performance,Low,analitica,A,A,True,0.5455326460481099,0.45446735395189014,0.7691108087550915,0.880036995346124,2.4135980526944367,1.8826960551250684,-0.5114047822878156,0.6765238198927082,-0.5720515013980622,1.6284747248831888,,-0.1921810474725095,0.34916400486655774,0.12885301323363793,-0.10175658772670791,-0.43272950856664455,0.40061465989780837,-0.015347239482299534,0.02850174285505002,-0.3377132401608508,0.22845293116804216,-0.026469490969340814,0.25885432859472474,-0.13482057642878403,0.0,0.011145652797446233,0.0239547203786556,0.057169911861424595,-0.032484698027398826,-0.07570304072699181,-0.03157289648697715,-0.02069908326396882,0.013179098615477502,0.01568508460324977,0.2161403356501842
q195_1268901,194,What mode is used in the song?,Melody,High,analitica,A,A,True,0.54739336492891,0.45260663507109006,0.6417914216747791,1.5020884066440974,1.8805643357771973,0.6352470002483924,-0.40738077766614234,1.5020884066440974,1.4785398977514133,-0.322578440606277,,-0.16556139458066121,0.46740514485700124,0.1172053220043184,0.03134678796823597,-0.3377039348353394,1.0033364738188602,-0.021320770254460095,0.0,-0.269401095464737,0.6993859013672222,-0.029306269578285433,0.19093545876690488,-0.09537472722902064,0.3249319515852286,0.025992949003014517,0.21237151242720353,0.04449429756244519,0.03864145479715551,-0.03405750620097441,0.19690851018888877,-0.02234450101482769,-0.027115272745718705,-0.02738392474375685,-0.13397110974278736
q196_1268901,195,What is the first chord played by the guitarist?,Harmony,High,analitica,A,A,True,0.46659707724425886,0.5334029227557412,0.2950912397762603,1.3072551044058651,1.86913396035527,0.9302396640466802,0.2643808903777306,1.246451817100673,1.805773549738743,0.4547871452225789,,0.07772790887047622,0.4441042442561666,0.025815588991147855,0.018362776877264043,0.17619256721537138,0.8143864396198385,-0.015355174699264815,-0.03040164365259594,0.12559593268522534,0.9159845009941456,0.04305902681631221,-0.05961761538639301,-0.03230233158905688,-0.013505592284656108,-0.020315266629007928,0.0,0.05858563697468566,0.3388738337698678,0.0077086075245864725,0.07835424404214869,0.07286711145697618,0.012103663869378223,0.009182173138009599,-0.0257412179038179
q197_1078326,196,What is the name of the rhythm used by the drums during this period?,Metre and Rhythm,Medium,percettiva,B,A,False,0.6594827586206897,0.34051724137931033,0.3281607426142708,1.1387829426084082,1.4809437976881432,0.8687275369970608,-0.010821121334942712,1.1387829426084082,-0.23749063966800663,-0.35239871588725846,,-0.08167749476692879,0.6941445957152754,0.15866981063966404,0.011702269297831427,-0.07841419712729236,0.4329360775953014,-0.0093992400803856,0.0,0.08398470479006687,0.008298001835366373,0.0315010901285531,0.04422629759167989,-0.008826367842074537,0.38853239141156903,0.0,0.37641417962804935,-0.004803726307081478,0.256042372993897,-0.016468529423633416,-0.03378203613190354,-0.041234677480921564,0.050398057810843534,-0.05497361519985167,0.04865367746890663
q198_1078326,197,Which cymbal does the drummer use in the bridge?,Instrumentation,Medium,percettiva,D,A,False,0.33741258741258734,0.6625874125874126,0.40506228579993175,0.33514882039837773,1.6097035893937273,0.4803240146539622,-0.40506228579993175,0.23923748958729102,1.6097035893937273,0.16563468115006658,,-0.15443253997378031,0.1064821725454729,-0.0924190999452862,0.18071098244736145,-0.1486963087288158,-0.03239642829206127,-0.009514337152049409,-0.015559237113482121,-0.07039367217600723,0.018366649226371455,-0.05954134190200907,0.10057003130785609,-0.05538501465764491,0.020429798043848146,-0.028734871795369477,0.07704011611804332,-0.029972238165393544,0.02647802212138895,-0.028054159999353494,0.0,-0.048241516625209244,0.048227553670787654,-0.08473947047894477,-0.051874680901004666
q199_1078326,198,What is the predominant component used by the synth during the solo?,Sound Texture,Medium,percettiva,A,A,True,0.3956989247311828,0.6043010752688173,0.5704191238578209,1.6790471115539005,1.7166179318489676,1.318095471453149,0.48484446529905467,0.9946976058059164,0.7604996709120682,0.5190804147930165,,-0.04278732927938309,-0.04619480008136776,0.28023360330122615,-0.29597995279262435,0.24739819127721163,1.3368723586799085,0.0,0.0,0.10337988143735347,0.051046029233208626,0.045143780192597044,-0.055561024104876906,0.0,0.0475056467510807,0.0400440797408786,0.013904586450359215,0.09979925996875319,-0.006459663020243991,0.02039726567817133,0.09068269787197195,0.138440744578356,0.2669966508946457,0.03763945370294508,0.5865826817297709
q19_435883,18,"During the introduction, the kick is played twice in each bar. On which beats?",Metre and Rhythm,Medium,percettiva,A,A,True,0.3697478991596639,0.6302521008403361,1.3045339994069325,1.2909689295063758,1.8371978488317078,1.0606438178619153,-0.11917943180935475,0.6939233869584795,1.2866427761569268,0.3679001359324144,,0.21438952336460554,0.41598005280482303,0.2669904551067782,-0.2190576349799199,0.11129730532740521,-0.07946513629402818,-0.7118567156081437,0.5764661054276046,0.1788029460755285,0.2583929536748878,0.14498980395817465,-0.07852000486536287,0.022443083032539793,0.049882529031927275,-0.10980646786208598,0.09346777340223546,0.030948091790780296,0.11093352954396696,-0.06002765388546588,0.07748306644465959,-0.0945930748491407,0.08064529021258521,-0.23193616006968534,0.10163824951358
q1_1204663,0,Which of the following best fits the guitar pattern heard at the beginning of this excerpt?,Melody,Low,analitica,A,A,True,0.39712918660287083,0.6028708133971291,0.3852293051800151,0.9276871626463313,2.256326910543385,1.6512993497706252,-0.23926386308481873,-0.27619803326338527,1.110606277320767,-0.6248086812704985,,0.055055600824515556,0.325744564691473,0.006309456269405423,0.0,0.011617663953677186,-0.29864949381711303,-0.3122465841324169,-0.30329310413774524,0.0,0.11685117734675333,0.039717520652954835,0.2350082654996506,-0.0068692809893602345,-0.3311430976686545,-0.05749316859950572,0.0,-0.06950001786721499,-0.06902477466536058,0.058326915531129404,-0.33979400187621833,-0.13473048018523295,0.0023780460711847473,-0.06871535162758904,0.10952635202925945
q200_1121398,199,What instruments are used in the intro as accompaniment to the voice?,Instrumentation,Medium,percettiva,A,A,True,0.44204018547140644,0.5579598145285934,0.3030038104291561,1.8924822350751567,2.7487851882114023,2.603376520361155,0.10205254230965746,1.7948187416433612,-0.3564250515939917,2.483027519085674,,0.17822784364434036,0.6284337466846043,0.024300332725066397,0.024077261099664488,-0.060444838954634705,-0.048831746715897684,-0.0400307951051146,1.1911394805749902,0.09760819878330317,0.6521758839157774,0.024831161547165016,0.48445797029269366,-0.05976229391742823,0.2389558898343756,-0.0022828934450458,0.3764746109131136,0.027451474820213272,-0.1223263211848176,0.019670661812968507,0.1291225855644785,0.020471113596976585,-0.13185016002644287,-0.025934880888495063,0.16780828233418307
q201_1121398,200,"Hearing the voice, is it a native English speaker singing?",Performance,Low,analitica,A,A,True,0.22254335260115607,0.7774566473988439,0.2623490473410159,2.0984179715222324,2.94306267293935,1.228082554943957,0.03724048303790663,1.270516290919091,2.556884786868775,0.6098446671108928,,0.10937445445216235,0.27020312622514286,0.02810384794748128,-0.13417969650615583,-0.11255428215155464,-0.27977114379541485,0.012316462789817642,1.4142640049955189,0.005936648934953548,-0.03063416174071293,-0.05881405858547024,0.0,-0.09216276477207516,0.08333919342209045,-0.027676241500110603,0.19452103493282064,0.10823319016876098,0.3458366730368115,0.045614928527997395,0.21946749201193733,0.014668357237669946,0.0,0.04144042302618078,0.45798605925614394
q202_1121398,201,What kind of synth effects are used to create more anticipation for the chorus?,Sound Texture,Medium,percettiva,C,A,False,0.19285714285714278,0.8071428571428572,0.6482791161908281,0.6572881497179605,3.1669198539271584,0.9156018135664394,-0.21704203087392082,0.4347607550243826,2.586893941047432,0.3874232641562585,,0.132027620189176,-0.07284090225711527,0.014557442807602166,-0.03842279508967367,0.06903347966167551,0.11143419946331003,-0.43266057353237447,0.4345902529078615,-0.016892882012353966,0.050798699410682185,-0.04438488024088338,-0.019651975205144976,-0.11025907467609354,0.12480608876817588,-0.052723504157941484,0.09495846248434625,-0.025351012495845652,0.03257512265392704,-0.039877396188629455,0.0973880660160816,0.04984081929773245,-0.019407831181774873,0.022605899600094237,0.0732941220780895
q203_962064,202,What is the main pedal effect used in the guitar solo?,Sound Texture,Low,percettiva,B,A,False,0.24137931034482762,0.7586206896551725,0.450994079384384,0.672247215935604,2.411300452452298,0.6544814337984326,0.07782539208103677,0.42324625307473096,1.824778198038633,0.08596330280092537,,-0.0879642417527081,0.0741025173268852,0.017284527647961897,-0.08441114153755172,0.2471252080847485,-0.040089339892884795,-0.09862010189896554,0.47364421717828226,-0.024096101234740833,0.2431345757701382,0.03383541329996182,-0.15148675386004534,-0.022176349597503794,0.2078420439596834,-0.014779780624734638,0.013059138922204103,-0.03094792327585831,0.11151098557678514,0.04848574146071154,0.10506360134644477,0.056362967717815855,-0.0498328852630035,0.031141424335385116,-0.05604445337747582
q204_962064,203,What is the scale predominantly used by the singer?,Melody,High,analitica,A,A,True,0.33895705521472397,0.661042944785276,0.5114046712828544,0.8271772202627444,0.8224009820591547,1.1686000101984775,-0.14140128196959076,0.376276594075518,0.024203791511968664,1.0939633053203677,,-0.01861164809109395,0.023328203806327025,0.1850016946566318,-0.2254503130936132,-0.0477597736259929,0.23630948738107416,-0.2600315549091357,0.34208921598173003,0.09135461305538471,0.020442533994032064,-0.05628041114852793,0.06807455145277326,-0.050252469953195315,-0.04142732633817295,-0.07189017821546587,0.09614851671271546,-0.03209356855160303,0.21431675438237893,-0.041774282262918114,0.0,0.027421141088728132,0.047918512873984326,-0.007886125981993355,-0.02919694900219309
q205_1221864,204,What kind of accompaniment is the ukulele using in the intro?,Musical Texture,Medium,percettiva,A,A,True,0.3164705882352941,0.6835294117647058,0.17222906509802607,1.3542457944159636,1.6292782175513367,0.8502116028223362,-0.0049678044432337545,0.8086939537860428,0.6189987411008512,0.2961905976265416,,-0.0016957340126389046,0.0,0.08363063032739616,-0.27277592031496045,-0.03200673166570665,0.7381654822900666,-0.05489596909228436,0.34330439181093664,0.029743404859524425,0.4666724863778594,0.0,0.1535298704365202,-0.04284860712669993,0.06956931584785411,-0.04626692016903332,0.02598417647964936,-0.047302296382599245,-0.0031430102066098975,0.0,0.021381705716791773,-0.021367124681471485,0.04751216187286601,0.1230737390570458,0.02718724726111187
q206_1221864,205,What chord is the ukulele playing in the intro?,Harmony,High,analitica,A,A,True,0.21794871794871795,0.782051282051282,0.2149717311978842,1.184393916926518,2.347599362629269,1.8656253492649748,0.010242857485387238,0.9117114444101979,2.259129361765149,1.6738783587723083,,0.010575548452704076,-0.027904737254204733,0.10203174588893166,-0.10843649900395529,-0.042080138788148445,0.7353536367936074,-0.06028429806810005,0.31269904387475056,-0.024500263563849198,0.10246722599830388,0.014670258773850592,0.24407062572190033,-0.024285283130434022,0.204212430494393,-0.02366813969356804,0.1904142143064862,-0.03678772660274118,0.06436826573262026,0.0,0.04691620838123999,-0.016088761040388574,0.08716721102945907,0.12090277274251765,-0.027904737254204733
q207_1221864,206,What kind of percussion is used for the bass drum?,Instrumentation,Medium,percettiva,A,A,True,0.37224669603524224,0.6277533039647578,0.3652894163147655,2.440408178343672,2.258015176303032,1.5993273573352433,0.10539489750951525,1.5980698005639211,0.039894179957887965,1.3483108894698668,,0.10153085692245437,0.5409558036288724,0.13381129998968602,-0.42116918888987553,-0.028479200620146528,1.2436300515621888,-0.10146805878247861,0.23465313426273537,-0.037449946054493415,0.0,0.017502558121769016,0.1333627043725747,-0.053537206713599454,0.2679309080915368,0.0,0.10016541784818699,0.00443420685524662,0.354665513778558,-0.021474523767483784,0.18108707101720226,0.059059844737955135,0.43969594197824435,0.13685996433012113,0.12116224347761792
q208_1374348,207,What technique does the drummer use on the snare drum to mark the upbeat during the intro?,Performance,High,analitica,A,A,True,0.20103092783505153,0.7989690721649485,0.6490645433390961,0.4811765754661988,1.7560010647068809,0.534933096725125,0.035681458081758155,-0.0407843261659096,1.4279517599750084,0.0405657662915207,,0.10218163525573404,-0.011769061163771164,0.2401913654546931,-0.24921138965228304,-0.306691542628669,0.2201961246501446,0.0,0.0,0.13852961959007498,-0.10629531677713697,0.0035266299781875413,0.011362777301967959,-0.022348383139284386,0.035345048328130194,0.0,0.021507003445385597,-0.06892743149584565,0.009066453950723068,0.0,0.0,-0.014466507450338485,-0.010702546228939323,-0.0006324694010358678,-0.0010677461860401638
q209_1374348,208,What is the instrumentation of the piece?,Instrumentation,Low,percettiva,A,A,True,0.39616613418530355,0.6038338658146964,0.6377977238445913,2.5330894684434284,1.16624937682336,0.4509141622649967,-0.011153016336312022,1.5175187081445327,1.16624937682336,-0.03394558373247905,,0.08097481454233119,-0.18095964318726426,0.23234753921180845,-0.32132724985859473,-0.3086777682470391,2.0253040882939803,-0.015797601843412584,-0.005498487103588683,0.017539184428319116,0.05077080377198456,-0.006033723513696014,0.18735199967542382,-0.04096629381596969,0.17109087120243188,0.024865969122109643,0.285462963331803,0.046382842020986054,0.3975737093708072,-0.04637548408540357,0.11677301727119707,-0.0328333705929466,0.195740276551023,0.026267860100288996,0.11275506696986234
q20_435883,19,"During the sax solo, what scale is the electric piano using?",Melody,High,analitica,A,A,True,0.519672131147541,0.4803278688524591,0.5336797110902319,0.5809029101172032,2.542320101243207,0.9632359542741397,0.25285124629395717,0.5809029101172032,-0.06157952398371963,-0.4586256250282576,,-0.12207586004570767,0.07558881259494246,0.32626231153045265,0.2460987783413,0.06700316716164194,0.14133563679004807,-0.01833837235242974,0.11787968239091268,0.11815876263871924,0.17969496457186848,-0.011896843618660162,0.0903050368164405,0.023047018382703545,0.08133465416287844,-0.010130599558940757,0.0,-0.028831725359926133,0.010375795968819681,0.0,0.011047855923673681,0.03742855249688231,0.011746117616868876,0.12507608131317913,0.19639848505665358
q210_1374348,209,What kind of feeling do the acoustic guitar solos in the song produce?,Mood and Expression,Low,knowledge,A,A,True,0.5471698113207547,0.45283018867924524,0.9532763158432834,1.8607807756898316,2.431081998314836,1.5829891647654972,-0.0496239064367493,1.4248430096869678,0.7868710968801678,-0.8241490792216649,,0.22817767159434055,1.0335688624375607,0.22364853310892654,-0.21796888300143202,-0.5014501111400164,0.6092430302508389,0.0,0.0,0.05173041829867314,0.2561742754200059,-0.01138554525162912,0.2504577045891901,-0.02579387663691427,0.27377760816252594,0.07230405571063847,0.5891707459916343,0.015501270965663196,0.1074848846200443,-0.08865723919689732,-0.04891601398626012,-0.054984475334739415,0.11974978948163967,-0.008338514991543991,-0.12305598459181236
q211_336086,210,What type of drum sticks are being used to accompany the song?,Instrumentation,Medium,percettiva,D,A,False,0.19628647214854106,0.8037135278514589,0.3606463953495579,0.3380457942374774,1.9629793327173706,0.6470943892047806,0.033455935560186986,0.004928200472702055,1.5934871203993737,-0.12105126656399698,,-0.13981993081121435,-0.16655879688238767,-0.006504690230147665,0.01535580654116724,0.19705116545487245,0.13870979102938077,-0.017270608853323446,0.017421399784541703,-0.06858119632716364,-0.07822934895260752,0.05679018479705139,0.04171571847879952,-0.019510764176697063,-0.03970378230679064,0.061586481801805676,0.013121327780544062,0.0,0.0127321896179572,-0.0137940446382826,-0.018143160430924135,0.017400687538225695,0.016878178227713467,-0.00043541343475249523,0.05655707805801013
q212_336086,211,How many guitars are playing during the song?,Instrumentation,Medium,percettiva,A,A,True,0.33754512635379064,0.6624548736462095,0.27013058957848946,1.3876171826771722,1.8079891310192018,1.4479723760535919,-0.27013058957848946,1.3876171826771722,1.0425208814972469,1.3880033011515986,,-0.0023207395081746088,0.36147566419854493,-0.03201975880301775,0.0,-0.18226854426240793,0.9474469940614911,-0.05352154700488915,0.07869452441713609,-0.24463614246135898,0.4304994106679861,-0.03213422317834752,0.10757133019347236,-0.012797277299546791,0.053958410801545016,0.026183527826347745,-0.05581138010288234,-0.012672224149604632,0.09857509628652517,-0.07626040812541603,0.20368562768119008,0.002351781365853489,0.29994524812301937,0.0798343764435833,0.24919343902631635
q213_336086,212,What type of guitar is playing the accompaniment?,Instrumentation,Low,percettiva,A,A,True,0.4322916666666667,0.5677083333333334,0.056186694308205574,0.6576010543535158,1.5046126078948032,1.0226173485739392,-0.052275478594646124,0.279207456088588,1.3243318692455155,1.0226173485739392,,-0.017508340211825495,0.3885378589211122,0.001955607856779725,-0.14290178697852246,-0.006529504948819211,0.0798663962999397,-0.030193241290781145,-0.04629501215394142,-0.006592973084509778,0.24883330505279241,0.008582199756501764,0.24709296328332142,-0.0043612073399253975,0.010543902298188405,-0.020369575805051936,-0.1806251143329265,-0.009441384172117722,-0.10082836239776724,-0.06760375291988935,0.09103577784276709,0.02638465528437243,0.0,0.02112655968597385,-0.03684501565778757
q214_1298301,213,What genre does the song evoke?,Genre and Style,Low,knowledge,B,A,False,0.5038659793814433,0.49613402061855677,0.1912535256180253,1.21924988859048,1.1959580657097089,0.556788733806783,-0.10930204555720785,-0.0668239248978324,0.016333677864242835,0.43690818010322285,,0.00043363080481518754,-0.0011276755045166245,-0.004071663766660507,-0.03438941165914566,0.040542109225593544,0.5762129818463237,-0.14620612182095608,-0.6075198195804938,-0.00550668804138291,0.13479734237640617,0.173142413360037,-0.0031468938761323173,-0.033404473312315455,-0.20226693909211316,0.025752122710780853,-0.10074675151903999,-0.08838999802544581,0.14794032696676981,0.0034698883431876944,0.16746739787637582,0.0,0.07374567815477952,-0.18436531059206923,-0.2846140857848783
q215_1298301,214,What type of technique is the guitar using during the chorus?,Performance,Medium,analitica,C,A,False,0.4558359621451104,0.5441640378548895,0.3457396623793217,1.374251731406786,1.464386761843536,1.1500413531510203,-0.04557368593846417,0.43932325247132953,0.6831579989237383,-0.34043401916266375,,-0.037134694063023305,-0.46746423946772825,-0.01819142322738085,0.0,0.15008298822042876,0.28612640967185116,-0.14033055686848878,0.6206610822672066,0.11522884002536397,0.2162747916591475,0.0456067385057166,-0.14311112529227857,-0.00720242896843518,0.09620097217244822,0.031179625197578074,0.03818690046959522,-0.016965553656859138,0.0,-0.06350358856695944,0.102640383296428,-0.020121171161279663,0.021766062167271033,-0.1297961473135894,0.10736526799871815
q216_1298301,215,What musical technique is used by the guitar accompaniment to emphasize rhythm in the chorus?,Metre and Rhythm,Medium,percettiva,A,A,True,0.23463268365817094,0.7653673163418291,0.6700419403399877,0.30198524619864286,2.649664257324358,1.2608300011869855,-0.35176554309728614,0.22161173998032718,1.4592972987354813,1.0511884062482648,,0.15913819862135076,-0.029900957922166984,0.0,-0.010285795186990852,-0.09843927516031599,0.029415848227398685,-0.4124644665583209,0.23238264486208632,-0.22861159380191642,0.06400135012400919,0.09102129471813433,0.017082871556499478,0.02497804110308546,0.02174990212987777,0.0,0.023572469468906787,-0.10015361413046331,0.012993047654298135,0.0,-0.10650775601764079,-0.0001895908511046207,0.02326404934355985,-0.13881008013502152,0.16545580572081672
q217_770629,216,What is the time signature of the intro of the piece?,Metre and Rhythm,Medium,percettiva,A,A,True,0.44107142857142856,0.5589285714285713,0.6101678975873912,1.3068432935992342,2.1108997023492027,1.3154272740295843,-0.1883868031376899,0.8409052775049425,2.1108997023492027,0.004644920702227495,,-0.045304837632198364,-0.003116125138020037,0.21089054722485065,-0.22985288290912587,-0.3034325850021148,1.0574240437955793,-0.05053992772822741,0.01645024175650906,0.07245470278147048,0.27600597565982987,-0.013572015208818788,0.3006090679399835,-0.06839228807817285,0.16563175713100378,0.0018880681399760652,0.16985347477032559,-0.06953898052252855,0.0026338671220332392,-0.11489371561827544,-0.1323395223726856,-0.014741213844251477,-0.04941683211700769,0.01840863921291065,0.10792748937145973
q218_770629,217,For what type of music was this song made?,Functional Context,Low,unknown,A,A,True,0.5144717800289436,0.4855282199710565,0.5944676710190874,2.0333467839399564,3.2146493005091523,3.029873769185334,0.12094637875187705,2.0333467839399564,-1.9868418860309653,3.0291219860887018,,-0.06605246548971852,0.03652677137513644,0.3097407075152818,0.16342356787271167,-0.17070818064388665,1.1381164972569302,0.0479663173702004,0.6952799474351778,0.04880833266005849,0.09526560749909549,-0.03409630423769912,0.1553491478329973,-0.034275681070977795,0.215869181066762,-0.10409884531091869,-0.11466693580424588,0.005877962753006588,0.4074461419458941,0.11386103993412702,0.5474192155648339,0.006405828302808975,0.316424508344392,0.11846404572147162,0.4102399174902273
q219_1133179,218,How many bars does the drum play in the intro before the guitar comes in?,Structure,Medium,analitica,A,A,True,0.24910394265232969,0.7508960573476702,0.48552051150546793,0.9156939810574702,1.514200927718645,0.5367277573994905,0.10304579020355872,0.26792747270502104,1.231013168444129,0.30733760426987977,,0.09674909475790616,0.1966948311147039,0.19753405609660718,-0.3238832541762246,-0.19123736065095462,0.37065019159999724,0.0,0.02446570416654452,0.04791202779696696,-0.19960244594484366,0.04605770033591671,0.27237364128285024,0.0,0.035920571532206236,0.02496771421367,-0.04683867199685185,-0.002305887949258005,0.03136083750665145,-0.03160718717120553,0.041969922488748215,-0.009229399568402283,0.06951727905619806,0.027250822545870898,0.06322633878006234
q21_435883,20,"In the introduction, the snare is played on the...",Performance,Medium,analitica,A,A,True,0.676025917926566,0.3239740820734342,1.2820916426116993,1.704493588307655,2.902038233452829,2.496402948220338,-0.1090580257358078,0.5881727816246446,0.2398766682692331,-1.3010793800136375,,0.26336269973264015,0.43324096117113814,0.21853548826047384,-0.5581604033415053,0.10461862044483174,0.02160116860065483,-0.6955748341737535,0.6914910551943569,0.20029994172587412,0.4706708430683536,0.15196060743065948,-0.21520066902626506,0.022776004561733773,0.038492440580147905,-0.12864938005405782,-0.05398322588108845,-0.007384872630859889,-0.10328502705736461,-0.0574142590835978,0.07153424283421893,-0.08173370983444284,0.06564484284714128,-0.20891235785111686,0.314299334259501
q220_1133179,219,What type of snare drum is the drummer using?,Instrumentation,Medium,percettiva,C,A,False,0.36712184873949577,0.6328781512605042,0.4794847038539891,1.212322232891581,1.725287155208738,0.6613349246197782,-0.320327675643802,-0.027150224294593794,1.3275156558679724,-0.24862862541052627,,0.008790883092076731,0.5549115228242242,-0.053493052109575646,0.037674481474269494,0.07078763101301683,-0.02323222786075313,-0.3464131376393199,-0.5965040007323343,0.07930915823125147,-0.09345049996930634,0.0,0.11983651548933322,-0.035008897586307236,-0.06461609569470757,-0.11845577888210779,0.16191144862640697,-0.03834411329630073,-0.1973019696543947,-0.0841377230697962,0.1062292933548938,-0.07237073015914172,0.005223648808732245,-0.05131959088139976,-0.06498256525555147
q221_1133179,220,Is the singer a native English speaker?,Performance,Low,analitica,A,A,True,0.21733966745843233,0.7826603325415677,0.7350550417773325,2.9864557841006545,2.005680701927558,3.519404668617946,-0.3303751802592178,2.0652413180150995,1.624828179020085,3.519404668617946,,-0.025625605633121877,-0.2254316526643511,0.20233993075905737,-0.23517558037842637,-0.47420993044890347,0.39250225587568377,-0.03287957493624984,2.1333462951821933,-0.04887652698178058,0.3581935692270169,-0.02118101438518743,0.5674470097378643,0.01676107135738924,0.4108547550597707,-0.049705879157790435,0.310575864579924,0.048670720803053534,0.5401469813102984,-0.030297094075945295,0.06651379615253235,-0.10608869029650152,0.08646261615458617,-0.13965776752245534,-0.27495327420689347
q222_1227366,221,What is the key of the bass pattern?,Harmony,High,analitica,A,A,True,0.6147540983606558,0.3852459016393443,0.43678810291308384,0.5172278124268151,1.2161286254918842,1.3130172031832248,0.06595403174591902,0.3422726130694171,0.3970631478250194,1.214915999160821,,-0.13163155472918397,0.06622187589519858,0.190439987903888,0.34183730481896885,0.06093107942561343,0.02169103203394865,-0.05378548085439844,-0.08747759967869902,-0.030733483853821922,0.17475859056927967,-0.003937882111907168,0.0,-0.04574813296044655,0.015118275753725617,0.0,0.19059905115012166,-0.007564637071696807,-0.09812243868169884,0.05630737740088114,0.012748573430879227,0.0006583471553511765,0.11316444449250841,0.09697244318755918,-0.06599388364539868
q223_1227366,222,What extended technique is used by the flutist during the solo?,Performance,High,analitica,A,A,True,0.2050610820244328,0.7949389179755671,0.31113416948248834,0.5633330077540399,3.698315708617803,2.538195564573264,-0.0402837403043923,-0.4378811959039655,3.043606070039518,-0.7780125181128575,,-0.12007402270284079,0.06272590592503718,0.13438684340833487,-0.2778486131815461,0.0010383711807131213,-0.11593773367241467,-0.055634932190599506,-0.10682075497504195,-0.03875949326360964,0.13909931136999382,-0.012375117180492914,0.0422626819962575,0.0,0.012616691520392041,-0.06128856596025496,-0.03913047895056222,0.003995870013906076,-0.06831663802226727,0.031778621535991695,-0.19524369131005653,-0.045634410804206924,-0.08361346559910317,0.0819993553542744,-0.24555560690861963
q224_1227366,223,What percussion instruments are playing during the song?,Instrumentation,Low,percettiva,A,A,True,0.479050279329609,0.520949720670391,0.4545182464219073,0.7021198576338779,1.6255100058396534,0.756501427093055,-0.05900787054771665,-0.24133095163934615,-0.0379506589553526,-0.24155543469290308,,-0.10628619883368709,0.23039445299726585,0.19775518793709534,-0.05164552436400794,-0.10653651450600804,-0.3156761030817927,-0.04394034514511686,-0.10440377719081133,-0.20702571479736587,0.006328491688656568,0.035143718015907974,-0.06723762152296779,-0.04394034514511686,-0.01700870106452177,0.046342154105842207,-0.0487725569792548,-0.027046685517724725,0.03139313994409755,-0.0391628461534257,-0.13871848110474153,0.020321184041477272,-0.007315222600614395,0.15636066490268907,0.0
q225_26435,224,How does the song begin?,Metre and Rhythm,High,percettiva,B,A,False,0.07142857142857142,0.9285714285714286,0.2087033425630087,0.21228432847210374,3.6972799249289645,0.6097945549758399,0.12623911426710374,-0.09657901499993476,3.6644893670018153,0.26805715275406844,,-0.041232114147952484,0.049139525415745546,0.022868304700227982,-0.013639814649612097,0.1274851923202263,-0.14079185708640715,0.017117731394601956,0.008713131320338937,0.07596522000498106,0.01260743602110729,0.010398330523436769,-0.05461366552879223,-0.005256991454838103,-0.015675701763092027,0.01315547375411008,0.006536407754057248,-0.0003559837715532057,-0.010175846762003699,-0.010975715266951801,-0.007385798846820439,-0.008229391769464162,-0.004017851933829648,0.05153817224738311,-0.023853993940561258
q226_26435,225,What is this genre of music good for?,Functional Context,Low,unknown,A,A,True,0.25490196078431376,0.7450980392156863,0.20530203660302251,1.2879410037100463,3.1426205133852236,1.3374333304606059,0.15816325194626196,1.2005031143012166,2.2968068894918954,0.6013747497773267,,-0.02356939232838027,0.21682292972287928,0.051494672468850845,0.03157981341647127,0.1147342753599426,0.9958193158662809,0.015503696445848793,-0.04371894470441477,0.13313887647797182,0.23107595363803954,-0.04849202530168972,0.1536743969257795,0.0,0.07033238181417133,0.019029491731622123,0.0933878393144429,0.016447313447207942,0.1601907120236045,-0.004011751700901324,0.13468482329162593,-0.024737739912871308,0.13843359636541366,0.06678908720492244,0.21872341092813935
q227_26435,226,Which of these options is most related to this song?,Functional Context,Medium,unknown,A,A,True,0.40950226244343896,0.5904977375565611,0.16134356837873634,1.6583174646347294,2.6755297219008005,1.3658738288356247,0.12897202975790886,1.6583174646347294,2.526583277137984,1.3076807504477164,,0.09558183146739074,1.4092565325759296,0.04259178035237841,0.013113069227154418,-0.016185769310413753,0.23594786283164546,0.006984187248553468,0.0,0.1454436611946312,0.30742008043550284,-0.04862414697406919,0.17178047411260117,-0.014384324883686824,0.12420776044719159,0.02802726267211193,0.30907371396579225,0.0,0.21965265654895685,-0.014004898107274424,0.12014500782687604,-0.007914241020524399,0.3776265576400803,0.040428716876720595,0.028411213657728474
q228_7360,227,How are the different instruments introduced in the song?,Instrumentation,Low,percettiva,C,A,False,0.3971631205673759,0.6028368794326241,0.4199399868084983,0.5296598121879476,1.8348641366493128,0.6414530773302187,-0.3382334108252752,-0.09271335240881458,0.6756081123823616,0.30902802971397614,,-0.049852363171385146,-0.12468874454503434,0.03443377511390578,0.02902373386604211,0.006419512877705778,0.18944949602352437,-0.3292343356455016,-0.18649783775334672,-0.017067902630611285,-0.08309293296670504,0.05445960730191485,-0.06215753089846027,-0.061961948509658506,0.04176372573811009,-0.08150069318469058,-0.031735622263672325,-0.08829484719775568,-0.0367191300894798,-0.09701015066916056,0.031021473565467313,-0.04326653889277646,-0.010898325416847217,-0.0035909370425369555,0.05910498992277268
q229_7360,228,Which instruments make the song groovy?,Instrumentation,Medium,percettiva,A,A,True,0.3304721030042918,0.6695278969957081,0.7808610177094762,0.9148497132858731,3.986292755194617,0.6375521780348112,-0.5064733453334619,-0.29848249940581995,3.4741752482788484,0.1397454621955597,,-0.21637643970920084,0.12607879660550475,0.10466673668114346,0.18210481033452183,0.03252709950686374,-0.0915675542927196,-0.4272907418122682,-0.5150985520531269,0.09672875521264329,-0.11969844841249683,-0.03100144401333063,0.04503140866931789,-0.07652715175616892,-0.06938382120817738,-0.060019732049382955,-0.07554831836102391,-0.13094621420283786,-0.09463572239685114,-0.04278625429448322,-0.0363334053770427,-0.09270446984310077,-0.05920380747562305,-0.1692168343868008,0.11128961515607723
q22_1215874,21,"During the introduction, the bass and the lead play their melodies in a...",Melody,Medium,analitica,A,A,True,0.2654690618762475,0.7345309381237525,0.3644616072929667,0.5593008656574693,1.7963166187001156,1.1093663480030733,-0.1680110068984096,0.23359388819498694,0.7178176936533808,0.26967040870707326,,-0.06213223372859274,0.15322310763023395,-0.031172381339260334,0.06281155526622331,0.09822530019727856,0.18041271402977088,-0.1729316920278351,-0.16285348873124117,0.1321891020132487,0.26355388239424854,-0.04644253226069564,-0.02076692334529831,-0.021063138542953375,-0.09961113201969236,0.0,0.032912035755546076,0.009093403315558649,-0.021976380515037794,-0.036407588086573,0.008821688779620338,-0.0698075566867811,-0.0036564614099965295,-0.13557269665021388,0.07431717855559702
q230_7360,229,What harmonic techniques is the composer using in the chorus?,Harmony,High,analitica,A,A,True,0.3595166163141994,0.6404833836858006,0.7265577717619154,1.2944194328983798,2.698816559235818,0.7386578023025628,-0.597467520762145,0.943833477805228,-1.1268648875176335,-0.36461571007934757,,-0.130347729688695,-0.13390233468709745,0.06454512549988517,-0.041390642859478466,-0.2748076225421176,0.43920587854125964,-0.2568572940312176,0.6799205768105443,-0.30304999562521323,0.08515201065856921,0.003038008017957901,0.1546192550508494,-0.05982079483451433,0.04076200222387658,-0.051947211642660376,0.0910686397503169,-0.031497626261409915,0.08920681806401448,-0.042856277244844095,0.20092390613388122,-0.08659507111035623,0.2494580339413106,-0.024738552061104747,0.03264281198240965
q231_1321293,230,What roots would you say this song has?,Historical and Cultural Context,Low,knowledge,A,A,True,0.4156626506024097,0.5843373493975903,0.6944464780895161,0.7106718852995975,2.78521968457239,3.1772410432891873,-0.2603781946484253,-0.6308537850217153,0.15465996714127384,3.1772410432891873,,-0.11406256956109853,0.03990905013894104,0.19439603681664422,-0.23493419247712677,0.02263810490390118,-0.11162733561994609,-0.3633497668078722,-0.3242013070635835,-0.1219864133617416,0.019811545245791505,-0.03578998099105526,-0.02513390129002625,-0.08502529793181626,-0.0766708406526834,-0.029395560305929172,-0.11012808095950023,-0.026411448234667543,-0.008690807890280483,0.1409364392027959,-0.287285852653942,-0.07384938606356614,-0.02657218095254005,-0.028856546962445134,-0.11618366586853443
q232_1321293,231,What are these lyrics about?,Lyrics,Low,unknown,A,A,True,0.6295546558704453,0.3704453441295546,0.5297706228189101,3.4374357632421217,1.4238900066478644,2.9072321709818323,0.33012887313433587,2.734512813530503,-1.0654884503582325,2.313369254557995,,-0.07852463771643152,-0.14097848951063474,0.12639557483442188,-0.10887201635777828,-0.021296237125855582,-0.10161096898739623,0.30355417314220107,3.0859742883863124,0.21966793011041405,0.5227784262758172,0.042110765017813405,1.362004612149333,-0.03164463666598462,0.3019374251031056,-0.022427524870535287,0.0,-0.0648271249222326,0.4390443721347733,-0.03239244834595726,0.2505612278797693,0.009734979045922777,-0.4034509720029296,0.20990693376489533,0.2616377219906346
q233_1321293,232,What type of language is used in the lyrics of the song?,Lyrics,Low,unknown,A,A,True,0.378345498783455,0.621654501216545,0.44774496574670414,2.093527972305297,3.338909638754139,1.120693740364455,-0.021415761299522544,1.5126665511537598,-0.9339944025245464,0.24482201645602758,,-0.10951626035450365,0.06385480395477441,0.2131646022235908,-0.12791409445670585,-0.05970540739133392,-0.16251661611906293,-0.06535869577727577,1.739242457774754,-0.2980679563649534,0.2263375924541346,0.006605053214397812,0.5416426671990388,-0.043448438845622724,0.0,-0.03253591701332416,0.04157626152831763,-0.08852282176441291,-0.08832027135564659,0.12779662208347467,-0.0869681779252512,0.3450730841168753,0.6243167767875182,-0.03831538672595717,0.25408170246564826
q234_156528,233,To which city does the introduction of the song transport you?,Mood and Expression,Low,knowledge,A,A,True,0.4921962095875138,0.507803790412486,0.20099851672030936,1.334540098832747,1.232004685399021,2.893897812039454,0.14943262355310816,1.3036192961765267,0.24405692316645078,2.508626501980322,,-0.003006916279448501,0.06999421164133642,0.019760948709893936,-0.015460401328110104,0.15545462142681482,1.2408714714025706,-0.0227760303041521,0.008214014460729873,-0.028083625389201894,0.017485099308223152,0.050989874895474754,0.3193058299840908,0.05948387492779025,0.2519605896088285,0.02887090024650843,0.3441128869066039,0.03431757611704456,0.19632806721891002,0.039371234539242926,0.0,0.014657583147244293,0.2005832955372146,-0.05017479493099516,-0.026156472387344133
q235_156528,234,What harmonic system is used here?,Harmony,High,analitica,C,A,False,0.2642585551330799,0.7357414448669202,0.05887959227422297,0.33428926178307494,1.151916373983177,0.8471079924488422,0.010129878616201935,0.2892284305393607,0.9652939328962507,0.4763962542771363,,-0.007341469780611778,-0.022530415621857116,0.0033566597971745288,0.0006036352751264407,0.031148075648037926,0.3024422462467636,-0.017033387048398744,0.008712964639327815,0.05241731902709873,0.008343890379296452,-0.016569339504117802,0.06315535795233163,0.008381921181172633,0.062379902956229014,-0.02619324990594305,0.1062986714814844,0.018927432800747514,0.08951569905383966,0.003748071186749196,0.028973450312950275,-0.008141459462795512,0.03505208944329503,-0.022440816706709776,-0.10449063104006576
q236_156528,235,Who do you imagine playing this song?,Performance,Low,analitica,A,A,True,0.4301310043668123,0.5698689956331877,0.05971618567210464,0.24737123328952962,0.9133622136385477,0.767722444198601,-0.02776554268565848,0.2105623639750118,0.23055734581420131,-0.419639873139555,,-0.0006999617289695417,0.07377733049157637,0.013137210253086534,0.024259459057288765,0.002838111240136547,0.13093000908340557,-0.043040902449912016,-0.01840443465725892,-0.021362581260787036,0.1012348625959425,0.010943478368507389,-0.006651865712903396,0.02867951020316488,0.051872494286630294,-0.007566958799692026,0.044609898335705216,-0.00612204923071105,0.02653625595821183,0.02937455179697017,-0.023743252171865563,-0.003992231274031769,0.09386679794383614,-0.057719262489079035,-0.07716282726054524
q237_270070,236,What scene does the introduction of this song remind you of?,Mood and Expression,Low,knowledge,A,A,True,0.6172839506172839,0.3827160493827161,0.3877526013841015,1.9931961273677554,1.3434479731469067,1.6851064702129417,0.3571586659568345,1.3010062509063685,0.8541455395443545,-0.08836143304133774,,-0.00205422607046123,-0.0530609745274722,0.05293832909778744,-0.2930339637032213,0.31951730457268057,1.6079504566523541,-0.013242741643172299,0.039150732484707886,0.11913289859973286,0.030314791171940636,0.07351258556259352,0.031765701729176476,0.005874015982108773,0.11424614106280842,0.02684051025389174,-0.03687447894048514,-0.007992825389713652,0.32265154803116636,0.003981468724081985,0.2892438678206697,0.04257227616925005,0.33116879617013156,0.09323773605488915,0.2184898838609607
q238_270070,237,What could you say about the introduction?,Melody,Medium,analitica,A,A,True,0.6386986301369862,0.3613013698630137,0.25154511820814773,0.6519418553980629,1.497973246154958,0.5759081772041197,0.07825760517903102,0.25392084032053064,-0.24987084433814757,-0.34036252659518607,,-0.024674856149302715,-0.00784276255555642,-0.0479742024252203,-0.1911677449832097,0.16490136169358938,0.43028661531978885,-0.013994697940035336,0.022644732539507925,0.01768611888732256,0.00860393695559656,0.03053843738743795,-0.000774517286821659,0.09032948304356715,-0.01463960140407837,-0.05585939778230289,0.10241511102509009,-0.02402842003535186,-0.03100373953305509,-0.020785267566919934,0.03818882895385978,0.03479647854531093,0.0,0.005580172699967106,0.15113082160993932
q239_270070,238,What are these lyrics about?,Lyrics,Low,unknown,B,A,False,0.7999999999999999,0.19999999999999998,0.4973211232475884,3.495050150843475,0.7716532671298971,0.853350284060362,-0.21252633260560466,1.348343987801956,-0.39770382242945984,-0.2313493158138842,,0.0,-0.08052806027195222,0.07426809921832797,-0.13181333668262082,-0.35492372792659654,-0.8610116845661864,0.06812929610266387,2.4216970693227156,-0.16242679238619256,-0.33172543377556496,0.08168649434719358,0.6458017856580225,-0.07890324749644397,0.23153085618602914,0.04988639605008909,0.5664497357730293,-0.02124069997282678,0.49648519356158527,-0.1224998473680303,-0.4293553582315285,-0.016565313130100675,0.07334215517110328,0.05753667735070689,0.09581505345927994
q23_1215874,22,"During the chorus, we can hear a very popular type of synthesizer sound. Can you guess its name?",Sound Texture,Medium,percettiva,A,A,True,0.20327102803738314,0.7967289719626169,0.5125829882687314,0.3914600790526589,4.400791520671563,1.130822173450355,-0.24588368787400042,0.26895385000759753,3.9672620021686216,-0.6895211909894647,,-0.19056003845333544,0.06458026682595369,0.016462743911757883,-0.06125311452253069,0.1168869062856076,0.21260808415350352,-0.18867329961803048,0.05301861355067099,-0.0825463808395952,0.0016616493181514022,-0.11620347678091908,-0.08090278467508698,-0.10634601790887055,0.045104415665032926,-0.05404575744097789,0.07635862661096599,-0.028961343854402244,-0.035314806432099055,0.026856355139390047,0.029039326602750846,-0.006421690447509291,0.0933725204840635,0.12178462425888378,0.13963490243381885
q240_1163315,239,"This song could have been written recently. However, its style sounds like it was written...",Genre and Style,Medium,knowledge,B,A,False,0.1959798994974874,0.8040201005025126,0.35532542802748857,0.46635737052351434,0.7329985124679328,0.7653542828190352,0.11532338774557833,-0.13096235072436013,0.344288438596061,0.16133628466229433,,0.11950468288459376,0.1676975098995771,0.11581972500193968,-0.17704026822778163,-0.10628640481280499,-0.0723313604315064,-0.013714615328150114,-0.0492882319646492,-0.057967177781821706,7.387242334624955e-05,-0.038561769978626995,-0.014293703884180383,-0.022266275972328855,0.0,0.03805412370810388,0.005308764627118261,0.024546060331658324,0.017674428299306003,0.048864913265839055,0.0030718755133214218,0.03753057718378136,-0.025013734470036166,0.0851229369889733,-0.11778385323323548
q241_1163315,240,What is the rhythmic accompaniment of the organ?,Metre and Rhythm,Medium,percettiva,A,A,True,0.2136986301369863,0.7863013698630137,0.5098480236844976,0.5199262043214874,1.3941039351087143,0.6095314296969302,0.07864441699569447,0.02091005439481954,0.004527581744119158,-0.48801450286269255,,-0.13016350622107983,0.22186727780943147,0.285254206060151,-0.24077533861138134,0.008992014279944997,0.048550851548721956,-0.08543829712332171,-0.008732736351952545,0.04828776169641693,-0.0211846152559236,0.020175033481643893,-0.021558202261096598,-0.022044536350566878,0.0,0.05019329082283823,0.006411014930946417,-0.029356758505973593,-0.038482071712690434,0.009594536808067128,0.0015272440058313047,0.0007957073520927574,0.04722790644412968,0.0009993816911759608,0.04696877824362278
q242_1163315,241,What instrument would mark the movement of the foot if you were to dance to this song?,Metre and Rhythm,Medium,percettiva,D,A,False,0.35777287761852267,0.6422271223814774,0.3763906415785503,2.5474257125183297,4.662919256315882,0.9213057322766309,-0.35994089269003704,0.5666610289771066,4.662919256315882,-0.16676205987330384,,-0.011779952416554846,1.557043370747718,-0.1842453053378224,-0.6470519037823432,0.008224874444256625,-0.25977779978288573,-0.17214050937991643,-0.08355263820538253,-0.04548965530547773,0.274874195575081,-0.013035435528199028,0.17432992564701721,0.0,0.0,-0.09318305023197349,-0.08274447858798079,-0.05205454153166013,0.11706753969158021,0.0,0.19701796412786826,-0.08627026850437101,-0.06493717663514553,-0.06990794158835563,-0.04894694084131365
q243_78733,242,What element in the introduction creates intrigue?,Melody,High,analitica,D,A,False,0.5927272727272727,0.40727272727272723,0.8049850462521304,1.9177163283225198,1.9624941245105254,0.5174779857169465,0.11389336782591591,1.3983715324445471,-1.6783158775265488,0.29957429453087453,,-0.009411977943663427,-0.11826097276508368,0.01742853993290806,-0.1414114251739026,0.4420106671061151,1.1489269077020294,-0.3361338612694438,0.509117022681504,0.22755091329027227,0.25631066838086014,0.03883346517054775,0.3535459493677718,0.0006155389066799834,0.31264674458325414,-0.09242827479833222,0.24928973252103542,-0.05088689242926289,0.1612012595493823,0.021713873718720605,-0.06187640241581251,-0.02303658787953683,0.06259778646639652,-0.008468668153172765,0.06465579399165951
q244_78733,243,Which instrument sometimes doubles the notes of the vocals?,Instrumentation,Medium,percettiva,A,A,True,0.5831775700934579,0.416822429906542,0.5680231452094064,0.5899227741565362,1.1553090258386949,1.5582894161267098,-0.14810162476089492,0.5792817878164803,0.4388236980402458,-0.5542473843853813,,-0.002371896426958415,0.046094224750523605,0.014941089347172733,-0.005320493170027939,0.19501967087708305,0.35734757654851745,-0.3556904885581923,0.1811604796874672,0.11277339120384194,-0.21701281395255728,0.0,0.10209029246789474,-0.10657389097921233,0.316368331255396,-0.032833871351610554,0.287793531499263,0.06202035324055223,-0.08888417009055635,-0.042052375577169065,0.18594980671313052,-0.1151427325488959,-0.06692024849662531,-0.02629249874840131,0.05989705842053498
q245_78733,244,What resource is used here to make the song harmonically ambiguous?,Harmony,High,analitica,B,A,False,0.25046210720887246,0.7495378927911275,0.10149264123100471,0.9570797766464516,2.951368946305029,0.8056830598505155,0.05617191128644766,-0.032251932362810265,1.8614870070593272,0.4927594091597827,,-0.005212170467841431,0.014151304995476592,-0.001962046578440093,0.012493754258418444,0.07883227625872619,0.4357688628879256,-0.015486147925997007,-0.4946658545046309,0.07762891865538227,0.1264887441493605,-0.011397086853613354,0.18154504878734373,-0.08441073458917056,-0.04269607870259924,0.21127896217132136,-0.2131958258353739,-0.04249919011903221,-0.024655450371879405,-0.05963640942884102,-0.07207019311772096,-0.060115931911491345,0.0,0.02532338336189254,0.012331822728058935
q246_785425,245,What interval is repeated in the bass voice?,Melody,High,analitica,C,A,False,0.2296650717703349,0.7703349282296651,0.17419077822620496,0.4948101241190067,1.1107076615769784,0.7957645725761011,-0.14226762417997857,0.4948101241190067,0.41455747059413545,0.5843784306252768,,0.01596157702311319,0.017621741921370077,-0.040107645385801596,0.03304091056968912,-0.10973785349187931,0.4441474716279475,-0.008383702325410847,0.0,0.0357002383538974,0.08098385336806431,-0.051608086946001074,0.15101845949972645,-0.050929223605684915,0.055233832311293404,-0.039937264706389426,0.03469233349620686,-0.02593562281791667,0.04240848969633385,0.016593005246575053,0.040908525934051976,0.008924937951485565,0.06015436619473982,-0.035075607655944495,0.029410263618589987
q247_785425,246,What roots would you say this song has?,Historical and Cultural Context,Medium,knowledge,B,A,False,0.43167028199566154,0.5683297180043384,0.25490719169041054,2.8868291656058105,1.5618103064885034,1.7417638873199328,-0.20050952331007868,1.6335209187651494,1.3815491778516926,-0.07018672963197742,,-0.0009785365159182234,0.003900782067657097,0.01614345644595043,-0.6266541234203304,-0.2267298209843264,2.2562742601178227,0.01105537774421549,0.0,0.011061824898433225,0.24817672002800112,-0.027650797963364924,0.07360899081099961,-0.074697471061496,0.03925457187844522,-0.07999412360142097,0.04804759149551522,-0.034681437989626,0.3695599094321472,0.0,0.12211660997929857,-0.036346129984084444,0.08023107352516107,0.0417986123914804,0.6525254516155815
q248_785425,247,How do the different instruments relate to each other?,Musical Texture,Medium,percettiva,B,A,False,0.3135593220338983,0.6864406779661018,0.5355869107756873,0.9062346996173263,1.3112819103022983,0.8455910284796184,-0.3576769113539054,0.5222193985594372,0.32929711095104036,-0.7453661994027274,,-0.004670103519914478,-0.05881344415269779,0.08013230206879952,-0.1331942063762467,-0.44196180754488185,0.7142270490883817,0.008822697642091445,0.0,-0.008338202619949105,0.10333768257159091,-0.03155136631554114,0.0235473874984266,-0.06067503314043156,0.04372990392201449,-0.09091174649596419,0.035201421424057716,-0.07769297184111239,0.11564901119541318,-0.014722439195514024,0.04784459018385863,-0.03685497338331599,0.08835309784613085,-0.036930178362077,0.06455630391794479
q249_6730,248,What is the theme of this song?,Lyrics,Low,unknown,A,A,True,0.7841287458379578,0.21587125416204214,0.2854707105257229,0.6576243331805262,1.864090332781279,1.17262363207266,-0.1346581864209724,0.4935259925441331,1.6492246329050921,0.8683289394375339,,0.0,0.11541078978987955,-0.0009108318303621583,0.2298337191547617,-0.20915361664298548,-0.08204917031819653,0.07540626205237524,0.23033065391768837,-0.008189324705782097,0.10578254987667772,-0.06907023361424502,0.306830065770337,-0.38465947301202696,-2.3379417877139392,0.4094724540476846,0.09678862083824522,0.13084764244149322,1.5260420632344616,-0.005152089849235462,0.7225145216582138,-0.11402066102539093,-0.5898120329042708,-0.0938865007034697,0.6633219917844075
q24_1215874,23,Which of these tempos is most accurate for the song?,Metre and Rhythm,Medium,percettiva,A,A,True,0.5645161290322581,0.43548387096774194,0.39983807691806006,3.821524567908243,2.499345793708816,1.6317704322119928,-0.3136136514580581,1.404121189557698,1.3265639807561485,1.4660590923007315,,0.0054443442627198635,2.5309051255389745,0.019426500583565535,0.08191775319399591,0.018241367883715574,-0.3437421460414311,-0.35672586418805907,-0.8649595431338414,0.06369546437851513,0.037707257207628325,-0.05424454249504098,-0.11520327845023959,-0.09605324904764526,0.4606343782240226,-0.08219899898402461,0.4184569892509448,0.0,0.22572065029296326,-0.025941560022961503,0.3833311721445321,-0.029170812821070025,-0.16936282764690755,-0.08969995246583082,0.16283684853475383
q250_6730,249,What cadence is played at the end of the song?,Harmony,High,analitica,B,A,False,0.35000000000000003,0.65,0.2120404372381226,0.3189742340798071,1.4294010439064482,0.25005763818578935,0.05953258263109473,0.27825898325137344,0.8211891660302616,-0.14044952598573782,,0.0019071363478817705,-0.008518000512248375,0.010776609604133564,-0.011839624901968444,0.12310276398259333,0.17656221472754116,-0.07625392730351394,0.12205439393804907,0.13394827596040476,-0.14520216124697097,0.09372964708170739,-0.028728505624761466,-0.1564926433106372,0.17612026075345566,-0.057315341899888406,0.03172309387327751,0.03172295356043082,0.049931174176663234,-0.002407486840612859,0.043115656114214806,0.018901403167153948,0.01757818933089666,-0.0025542250874637257,0.13372127587459795
q251_6730,250,How was the tide in the story told by the singer?,Lyrics,Low,unknown,A,A,True,0.5518630412890232,0.44813695871097686,0.6228130929341787,6.930443499817832,2.907018619662209,5.014887433411351,0.3128010810914652,6.762104489727747,-0.2603353536106834,4.2012604808177665,,-0.012085950585443254,-0.08416950504504252,-0.0021576658259134206,0.05058968998095905,-0.14076238951000006,0.3609605364993403,0.467807087012822,6.43472376829249,-0.015804087031099687,-0.09824617339341779,-0.08426096807268046,0.0026470104208827228,-0.08169659683540198,-0.17770833340014017,0.7896406549947924,6.247781130806219,-0.027587162696288296,0.8849365631684551,-0.09063957576508491,-0.10563259298016432,0.0,-0.04171887933728229,-0.1768511835027718,0.05004576444319434
q252_231013,251,What drug is commonly associated with this genre of music?,Genre and Style,Low,knowledge,A,A,True,0.500609756097561,0.499390243902439,1.0076787368535494,1.550811884033743,3.7546290190915834,3.148632659130201,-0.5544390093632354,0.6805256230068273,2.75672747145057,2.114706665822264,,0.06196312429281383,0.2942505874095114,0.15612815503111754,0.437785590276174,0.00852858442122563,0.38363257583459964,-0.7810588731083924,-0.4351431305134579,-0.004486001942036973,0.0,-0.03621317427946032,-0.032596872515644595,-0.0764947903686505,0.00492460000231755,-0.013399650038605118,0.18003181873226526,-0.0831622972850444,0.11791164533688892,-0.1554864844593943,0.2266991432634363,-0.1602219258447013,0.05900177776318509,-0.024974685145342512,0.12455351042437861
q253_231013,252,Which instrument sounds soft and shy?,Instrumentation,Low,percettiva,A,A,True,0.36253776435045315,0.6374622356495468,0.5319256095260403,3.4166764242054457,3.947483337725212,2.2662804162122994,0.008433702990252201,2.2936564723408592,3.8307533426718923,2.2662804162122994,,0.09429118142461576,0.24296317588894042,-0.08149415536405338,-0.5615099759322931,0.17588847483353048,0.6354849419143396,-0.18025179790384066,1.9767183304698726,0.010598071002829917,0.07438228994396162,0.04020120024656575,0.37566254967209006,0.10911683399004962,0.5868730927957526,-0.03489205563809295,0.3876613943569497,-0.007900712011098664,0.21080230618312784,0.0,0.15285298997967223,-0.006333396958099424,0.1509346017868171,-0.10235623764190205,0.3544872476224882
q254_231013,253,How would you imagine the temperature in the place where this song was created?,Mood and Expression,Low,knowledge,A,A,True,0.2799461641991925,0.7200538358008076,0.8856759944852037,1.115582867585935,3.5765020575317235,2.174341093113957,-0.5373874495266813,1.115582867585935,2.884403723424834,2.1056475944238215,,0.03207402601226731,0.19464533369966813,0.11875563758753498,0.10889362321146462,0.023314608879458867,0.7354732086996372,-0.7115317220059425,0.0765707019751648,-0.001799045544652468,0.18218278020278822,0.004837169973663551,0.15756721291340578,-0.07650540082087551,0.06467415257430059,-0.02644611372384787,0.2761104343062157,-0.08630566209723062,0.14210608517599077,-0.15742997403693848,0.15795148885342714,-0.17442675017694262,0.0,-0.0193116730998574,0.13499071355980655
q255_266919,254,How would you rate the sound production of this track?,Sound Texture,Low,percettiva,B,A,False,0.36077844311377244,0.6392215568862276,0.2898819011887417,0.8281010083864779,2.0012511286054955,0.6302730866010516,0.057265882468708486,0.7839031967027454,1.1740838076192877,0.0914739499523343,,0.018188981435768466,-0.02209890584186627,0.15538491039295663,0.2643320734779667,-0.11127425098007457,0.541670029066645,-0.0050337583799420415,0.0,0.10488942046387792,0.06967317431507652,0.013324005199338606,0.08998251802281053,0.011318929973411062,0.09722332764257921,0.020664062237561967,0.09982456698476504,-0.021166380253195005,0.07303900002701554,0.001843732994066788,0.0728045926172315,-0.047371675969764444,0.10865203877444984,-0.02623621217658839,0.17270397831881718
q256_266919,255,What is the main scale used in the song?,Melody,High,analitica,A,A,True,0.4567669172932332,0.543233082706767,0.38281002947293324,1.0930991250533857,0.8822928599339717,1.120601687811706,0.19521857349175248,-0.47651937082450363,0.3644460728944323,0.15054064427126887,,-0.025557927654550346,0.308289877114441,0.28901430148234286,-0.23786051396983693,-0.06701487969423968,-0.5469487339691077,-0.0012229206418003374,0.0,0.17357980590638192,-0.050908527247976613,0.1159442082466277,0.0054043617680373385,0.003947035549144121,-0.13555923423818728,0.00301448419497774,-0.09526963790465234,-0.0631710568364448,-0.01924379375612044,-0.000995424570768788,0.0,-0.03710047899816535,-0.14761361804270845,0.0,-0.0333289214028958
q257_266919,256,What musical backgrounds would you guess these musicians have?,Genre and Style,Medium,knowledge,A,A,True,0.4025974025974026,0.5974025974025974,0.32492346176484743,0.706718992209301,1.5094124169823016,1.4341276643984013,0.26984630808701726,-0.16524921538847415,0.6290516194073008,0.8420843818514626,,0.04258000713241521,0.27073488841041343,0.2548048777935171,-0.16611800890751915,-0.027538576838915058,-0.20019791543262452,0.0,-0.0696681794587439,0.12935085184971862,-0.14538450803909084,0.03879553635702394,0.06312116308823255,-0.006799285915859776,0.06425487454115582,0.005746087919424575,-0.09647679596044267,0.02518503760479466,0.026557988752311475,0.02870464571740691,-0.05856373646871594,0.02055944174358684,0.06964567450314464,0.02830399281092156,-0.08840387580506918
q258_349850,257,Where is the vocalist's accent from?,Historical and Cultural Context,Low,knowledge,C,A,False,0.5111940298507462,0.4888059701492537,0.6155473946586536,1.072330132644178,1.6400716682892782,0.8137732853740731,0.10689195314928518,0.22098355862013758,-0.5544179297034111,0.348553286259366,,0.2759490866473986,0.2935381104596395,0.0852705872565708,-0.041674936277703724,-0.2543277207546842,-0.3839983507343165,0.0,0.3531187351725183,0.08497679702348496,-0.15721862745487084,-0.052739065262403635,0.13582059468300134,-0.018769018464017143,0.04773661891284011,0.019223097025515792,0.14471818729109914,0.017081369356692022,-0.05517136669422458,0.004529511818670291,0.06284248218185491,0.011581993107669284,0.0,0.04100726854367371,0.04225566970043751
q259_349850,258,There is something strange in the mix. What is it?,Sound Texture,Medium,percettiva,A,A,True,0.5636363636363636,0.43636363636363645,0.3501862379188947,1.4583349499487337,1.9472226450284578,0.901589098029246,-0.1517620501486376,-0.12805386121707502,0.2669002635264376,-0.8852456696385728,,0.08667497711986649,-0.447360686493306,0.012537116765262039,0.04904652074626577,-0.19573208401501774,0.6160940236195637,-0.0552420600187484,-0.3458337190895984,0.061392187994879714,-0.3334057098503612,0.004768884300315659,-0.056305669684763804,0.0,0.038385989981900584,-0.02879025773733487,0.07421534298220975,-0.034842376156667285,-0.07473444175893482,0.015746972896727756,0.09657737684433798,-0.0877347036044254,0.01454648902152772,-0.08230275784213317,0.11266676124700874
q25_135660,24,"When the drums start playing, we can hear something known as...",Metre and Rhythm,High,percettiva,C,A,False,0.3232848232848233,0.6767151767151768,0.3373435207980627,0.42045145804794987,2.591947995941314,0.8264308880733511,-0.24162185937632247,-0.06284541910752435,1.748546966681958,0.4234019993912084,,0.021105217730810567,-0.06744638765398654,-0.017347588750908527,0.09696828489915676,0.026755612980059525,-0.17420205092375055,-0.27213510133628405,0.08183473457105599,0.0743957121657488,-0.18298394490075473,-0.018508394914772998,-0.014635797707890454,0.013590755155593225,0.011273641397432761,-0.03585937026336227,0.0,-0.04550177296996226,0.018512897846070898,-0.07647701892346995,-0.021718836205049677,-0.05886466534738252,0.02570961780831614,-0.09439710427871449,0.10099700265435069
q260_349850,259,Which of these musical elements contributes to adding emotion to the song?,Melody,Medium,analitica,D,A,False,0.3208469055374593,0.6791530944625407,0.5035158590752908,1.3413925401057945,1.9014103115541527,0.630806464370803,0.01615715855889048,0.4269048737217104,1.7510653763382682,-0.24258985990554402,,-0.1831260663274284,-0.39689212810753943,-0.02232018265892213,0.2881793288031655,0.25983650881709064,0.5959693781105869,-0.03823310127184963,-0.060351705084502605,0.1339468648509722,-0.17156953148572254,-0.02719227198440498,0.16478036936952825,-0.05777580537670788,0.19645829315869118,-0.030262964295103906,0.0,0.0,0.041784862823952384,0.0019122991477453985,0.06621276429216245,-0.034471319013725334,0.05039500635435702,0.030000355230115,0.0788431092087416
q261_924963,260,What could be the intended mood of this tune?,Mood and Expression,Low,knowledge,A,A,True,0.48837209302325585,0.5116279069767441,0.15757740138971227,0.46385215895437404,1.5273770716174893,2.4323942151135722,0.016677618568840723,0.2976277305320032,1.2955940007523932,-0.5206856287974873,,-0.0005060232476312796,-0.03594562187093077,-0.029638445284883505,-0.012639834308880653,0.0871275099792765,0.3807399447431886,-0.04030542287792099,-0.03452675803137402,0.06173597059351316,-0.18106160474315644,-0.056255266673669924,0.09459426814263787,-0.07311243841790122,-0.04334695799365373,0.027124235362796886,0.05176712802037936,0.0,0.08782788215365518,-0.017882638042289463,0.02378812175176012,0.07433928417856518,0.25584193761812296,0.0007284715678260991,0.008216955582257886
q262_924963,261,What does not contribute to creating this mood?,Mood and Expression,Medium,knowledge,D,A,False,0.1432246998284734,0.8567753001715266,0.03378230382460385,0.5725577775989681,4.8631086028383335,1.0386546956098202,0.012304223241637068,-0.4490278355009979,4.2780489181928125,0.8254431474207027,,0.008398270417586656,0.022987450387775225,0.014644993115533803,-0.020976774082851223,-0.0007384813890352684,-0.48981603246713173,-0.010000558902448123,0.03877752066120982,0.11573906351119259,0.05141461333386673,-0.039930935180036466,-0.19996796040649714,-0.04655178181355192,-0.06508749798541792,-0.009489029796550587,-0.05421616068996931,-0.0472706280443716,-0.12863890983217122,-0.004487634223621607,-0.07091712768924575,0.014526867070102147,0.15525283780621338,0.029768301718474513,-0.13686763003777666
q263_924963,262,Which of these genres cannot be recognized in this tune?,Genre and Style,Medium,knowledge,A,A,True,0.12105263157894737,0.8789473684210527,0.2827029124005413,1.499692599708735,3.6712587580120415,1.2275216007422438,0.13333198498293838,1.1159746199114216,3.1291170881497172,0.869257990862057,,-0.008908122679436154,-0.08713423253371505,-0.03156350296952343,-0.04428643637187603,0.20801744869173985,1.3078336098100782,-0.03421383805984187,-0.06043832099306569,0.0490173905784749,-0.23649192691156892,0.03452271444564481,0.7556999504537258,-0.005011356089598442,0.4651583129856253,0.0,-0.09485166429741727,0.011915327771069071,0.06801275419729666,0.009442323138865293,0.20459837956649052,0.04662695664353821,0.05051441223217528,-0.013181371505055429,-0.096665598314906
q264_1138775,263,Which of these genres cannot be recognized in this tune?,Genre and Style,Low,knowledge,A,A,True,0.1546174142480211,0.8453825857519789,0.4185066829267424,0.7886186146499552,6.179577731676357,3.8659024271621147,-0.17738833802077417,0.5215723040686313,6.179577731676357,3.8659024271621147,,-0.03535264159716542,0.5897790285859006,0.12055917245298411,0.0,-0.05522746576235446,0.06531643077339269,-0.2073674031142384,-0.13352315529066197,0.01762720335489318,-0.22355075912294667,0.02549580657148969,0.015785415965961086,-0.03327587768777194,0.048450956995460995,-0.030183825425657253,0.1605433786138199,-0.09983431915710025,0.05081973474094699,-0.07203134327044251,0.1455040250438046,-0.05040578014765083,0.12448980049987361,0.06521979774146577,0.19952975133171075
q265_1138775,264,What type of drums are featured in this song?,Instrumentation,Low,percettiva,B,A,False,0.3104089219330855,0.6895910780669144,0.5738480531225592,0.8563193939306543,1.6894534522417908,0.9476985650012819,-0.3494539766675372,0.6282739445252126,1.4631728821589485,-0.5488099361331543,,-0.1089162586951298,-0.07783538765327153,0.11219703822751102,-0.03618733704944935,-0.11365431737858214,0.21244394156838148,-0.23908043882133628,0.5298527276595519,-0.022992841380069684,-0.009007080524104226,-0.0192524212909854,0.06642736562267768,0.0,0.052477988706553305,-0.028173704337012204,0.10438801081267071,-0.0962611182001066,0.09929449792652129,-0.08660689458338444,0.10795509083368192,-0.12660084299535238,0.11731247673961473,0.03043384611937351,0.0894255944075972
q266_1138775,265,Who is the primary audience intended for the song?,Functional Context,Low,unknown,A,A,True,0.526615969581749,0.47338403041825095,0.37982382765206313,0.9263840927367147,1.6378991087819073,0.9293216509329327,-0.23076185729786297,0.22159235390658397,1.5355337150869433,0.5343348905627967,,-0.08337493209423871,0.16365053077125175,0.07453098517710008,-0.1316923438464611,-0.010772073681484702,0.4103376925503976,-0.21114583669923964,-0.22070352556860426,0.06694889332425188,0.15310643187852266,0.012945949764926794,-0.08432854271516482,-0.0355295508079099,0.030649126403892012,-0.047576199879189526,0.114736547398416,-0.09709371447782558,-0.02354250093607184,-0.0942051487450119,0.07165553876917385,-0.04858306107633689,0.0,0.012330974599232141,-0.040684246892183945
q267_1070646,266,Which instrument is not present in the song?,Instrumentation,Medium,percettiva,A,A,True,0.08987485779294653,0.9101251422070534,0.6213378408504737,2.610985080820712,6.677637941189808,3.568115060994576,0.5074679725936846,2.238271410679635,6.677637941189808,3.568115060994576,,0.5612578778151575,0.8274520556244885,-0.016696301884735167,-0.10176204881154448,-0.040238632243659464,1.597176190125685,0.00314502890692165,-0.08459478625899379,-0.05887356109528094,-0.2338025611933479,-0.03689160396690998,0.038467530187973685,-0.011236609748934994,0.1555740366588614,0.10806808202457502,0.49571726693814233,0.08876459369377256,0.2485010520396213,0.16081492536208963,0.5694768986226448,0.18663022928353973,0.47051735986531207,0.0701919170408335,0.49381982756042747
q268_1070646,267,Where could the roots of this song be?,Historical and Cultural Context,Medium,knowledge,A,A,True,0.6133144475920679,0.386685552407932,0.5609260169348289,1.0758880988541624,2.036154608337764,1.2558039924647493,0.2844056208357287,0.7522507375211432,2.014306506395604,0.6569649653211866,,0.42266581888527877,-0.07424589048512537,-0.008999348800882762,-0.013650950993870418,-0.12445692172457062,0.9140694181876527,-0.004803927524096696,-0.07392183918751373,-0.010239787892247627,0.11482133271412895,-0.05351809869143025,-0.008559564713885665,-0.012049760383996343,0.08976067769935604,0.08963334985903373,0.29771356199044585,0.0704149200722956,0.08886765221029513,0.07408023523993759,0.07272078520994005,0.10594120891247169,-0.02855550226408923,0.02014355371966431,0.12548179467495216
q269_1070646,268,Which scales or modes are related to the one we hear in this song?,Melody,High,analitica,A,A,True,0.32222222222222224,0.6777777777777777,0.5410683300333637,1.3916587649047154,1.9446842269096747,2.5009187479598034,0.28631799864032786,0.7186745341332568,1.0477904996556764,0.9263933734941139,,0.41067254991471436,-0.27707064562594913,-0.013376861027607663,-1.0679230102488696e-05,-0.11399830466891028,1.055166649518986,0.0030206144221314544,-0.0594107905296776,-0.001188007985195149,0.2513085534347877,-0.03386773469629363,0.12778034848853703,-0.014626982162882827,0.0637257409762865,0.06825840005859203,0.1550546988969864,0.06350014958948648,0.06853179881569138,0.08668639219993514,0.1069387602285936,0.11260135028984963,0.057624497584365,0.0049544313468361835,-0.11228986429199089
q26_135660,25,What kind of pattern is the bass following in the verse?,Melody,High,analitica,D,A,False,0.300314465408805,0.6996855345911949,0.2445176304202794,0.5462472340094269,2.084832051767064,0.5309513219539539,-0.013205053451185726,0.03140155502008052,1.3480291560556843,0.06876699646764241,,-0.12886134193573257,0.2888243945147537,0.06437123924009172,-0.033727073797090154,0.040841812791224126,-0.0007967438170246449,0.010443236453230993,-0.22289902188055838,0.03150262871183739,0.043993812322249255,-0.036252392699483445,0.048399823991633235,-0.023948249384229583,-0.014791275330479713,0.011919762922407963,-0.017128635029801734,0.0,0.0400237766539903,0.010923753462954476,0.0011855341209687127,0.047448086257451214,-0.007276786264172941,-0.05479864272212376,-0.06300469544430656
q270_17954,269,What instrument does the sound of the lead bass imitate at the beginning of the song?,Instrumentation,Low,percettiva,A,A,True,0.31619047619047613,0.6838095238095239,0.18549347207746064,0.92756216071847,1.7637877941330615,0.7893014137165257,-0.05555467358795722,-0.8331796384885878,0.7963683730829181,0.05922420367778847,,-0.09748692949268728,-0.6509119719683515,0.0649693992447517,-0.21662943326711748,-0.02303714334002165,-0.012829494368059968,0.0,0.04719126111494106,0.07468156305524228,-0.03323003968996924,-0.01821372186356841,-0.06553321942197614,-0.03821297910245057,-0.170593243953094,-0.05928831551324645,-0.09097848770973427,-0.025402804962595497,-0.12520571811474324,-0.053259139208594625,-0.21281988474489222,0.025052877548808212,-0.05091846265526313,0.039087846458447865,-0.08390058219891562
q271_17954,270,What comping technique is used by the keyboard player?,Performance,High,analitica,B,A,False,0.32554517133956384,0.6744548286604362,0.33099480157415556,0.42928129743730054,1.6096425904631575,0.9432648500227373,-0.049554835344967615,-0.30336344428795653,0.666510622549234,0.1012958807344023,,-0.08485963616074518,0.04289703387850774,0.1198845971638181,-0.33786398848897414,-0.10541518229881643,-0.028458382373654417,0.020835385950775897,0.020061892696164263,0.032025902269197826,0.07030891869478653,-0.053434760204720516,-0.09123962223272875,0.014789653322503048,0.011885764626503512,0.004125594725253793,-0.07858334749425705,-0.013525853231024648,-0.0034574817646927797,-0.03263383434871993,-0.09208845566826168,0.01681012092290944,-0.08583483885261534,-0.017711658800366646,-0.034354381596690964
q272_17954,271,What solo technique does the sax player use to make the improvisation harmonically interesting?,Harmony,High,analitica,A,A,True,0.2305246422893482,0.7694753577106519,0.17740771243766568,0.6726693223095597,3.6564504033890604,1.0120765463716657,-0.06148698213185755,0.5689933821432234,2.6931788260046874,-0.08885268916573234,,-0.09913694096763809,0.1429774567079271,0.057960365152904064,-0.051837970083168095,-0.004701849561536464,0.4778538955184644,-0.015608556755587064,0.0,0.037134364322130506,0.03803262832119578,-0.003562873323303654,0.09070337979138324,-0.07959590021211232,0.06971571453835577,0.00925429012026434,0.019879705557995567,-0.10635311079911144,0.12619332154704818,-0.013211661590646014,0.05997482738247621,0.03964716008895371,0.10840061357296217,0.05520074926196732,0.05609319143180648
q273_1131366,272,Which of the following statements is true?,Melody,Low,analitica,D,A,False,0.42378048780487804,0.576219512195122,0.49114675801291063,0.6429843242375135,1.021315417426205,0.1735904005498807,-0.09649630204577214,0.21762474354564149,0.6029590561866,-0.15568644921299032,,0.10125593361607457,0.0005631492033346883,-0.03518374758919175,0.12384099940527336,0.09606929436749466,0.3059003852829694,-0.2586377824401496,-0.21267979034593598,0.09868005363134272,-0.13014015780570407,0.01732120500153248,0.10117376509568039,0.019507657063708224,0.01742390019173493,0.009910090467299819,0.14425960168789131,-0.10613940928514845,-0.10399281106527251,-0.01219475622148903,0.013297680792455874,-0.020238843330366456,0.06810538116038194,-0.10334229937265144,0.10749738348847362
q274_1131366,273,Which of the following statements is not true?,Harmony,High,analitica,A,A,True,0.2684684684684685,0.7315315315315315,0.32185138369826416,0.7738485807776827,4.558094689323073,0.34073564930415295,-0.13938578464478038,0.2180512630564571,4.2622038689943595,-0.11335874337457666,,0.03961230431734345,0.20345702657974274,0.05162049520939842,0.06115876733126788,-0.08622813166777987,0.2313341280060592,-0.14439045250374238,-0.27789865886061277,0.023415526842229174,0.07488848286385594,-0.01647974477997112,0.006956138691316643,0.043281913903269874,-0.07052671572935121,0.0,-0.04839002121791761,-0.11120290035887803,-0.16471706623525545,0.03369470028873038,0.04411225528907864,-0.04332695125171847,0.13275022861133057,-0.0687683292884422,0.24297796078339956
q275_1131366,274,What effect is created by modulating the song?,Mood and Expression,Low,knowledge,C,A,False,0.28283898305084754,0.7171610169491525,0.37777546678549495,0.3535883374385907,3.147313722292,0.4136456132221975,-0.3396915188211891,-0.25922397329380276,3.147313722292,0.14038526805598903,,-0.03784506672558504,-0.037510338734254904,0.019041973982152925,0.01971722181957635,-0.19725825599749677,0.02746496025281761,-0.12363017008026023,-0.26889581663194184,0.05544109456497516,-0.05540821781262417,-0.05666385693291841,-0.02738285416505807,-0.0520187073267233,-0.0897130893631981,-0.08360716881362326,-0.0165803280682072,-0.0351481798705393,0.0,-0.07722777404622876,0.0029420031423591578,-0.05731020760830599,-0.09464537142547963,-0.033156718787825244,0.021563884398405186
q276_30259,275,Which of the following statements is true about the introduction?,Melody,High,analitica,C,A,False,0.47018348623853207,0.529816513761468,0.6189037373632522,1.55363773760129,0.8344893574125993,0.9564802987762203,-0.12982826516364837,1.4199905422567882,0.4483533778075257,0.7178528088696061,,-0.029220529739559138,-0.06682359767225088,0.04245605777077335,0.0,0.2020816783290286,0.8395367529316432,-0.3451454715238912,0.647277386997396,0.17888766841874784,0.4977954217514885,0.0,0.12959340212199968,-0.12858829448277723,0.10960689791037512,-0.03132991901871117,0.16296769681667175,-0.06793214938873611,0.15577793004143312,-0.04438427380020587,0.08801996533606786,-0.059729004042938176,0.15698701172678814,0.02324770715097231,0.11924221655196418
q277_30259,276,What is this music intended for?,Functional Context,Low,unknown,A,A,True,0.43611111111111106,0.5638888888888889,0.5859181688761494,1.469181131825441,2.9651037320307685,1.3224996883020572,-0.05358197502204626,-1.0199462648266497,2.9651037320307685,0.7551074765283662,,0.06135796987974736,0.22461743349939572,0.04758594739091221,-0.10224225794366607,0.15722417965639204,-0.5887213956700965,-0.3197500719490979,-0.5536000447122829,0.07058744134405463,-0.4242545639859878,-0.061655122216401625,-0.25254030961149376,-0.04904160284624744,-0.16614712045563534,0.019458362891941645,-0.18616129092851863,-0.02942814106203298,-0.05299539251573038,-0.03954257178426262,-0.03685893944103083,-0.029723548834729663,-0.039706407377021316,0.06576320748563177,0.13871775948876824
q278_30259,277,What topics do the lyrics cover?,Lyrics,Low,unknown,A,A,True,0.733195449844881,0.26680455015511895,0.4146537791432116,3.7988307820673928,1.3228647760758665,3.473348136597219,0.4146537791432116,2.318330195930906,-0.5086512398939016,2.9893038712810767,,0.05762528180383007,0.386657309197633,0.0895453007474018,-0.0835642798030642,0.13628529035646209,-0.6566860132651791,0.13119790623551764,2.6719231798015164,0.1374519015207321,0.15910150961587807,-0.01684637721681254,-0.10461057176790904,0.005797361534594939,0.2075892545122747,0.17267861614729835,0.9395510015487767,0.14718921870816942,1.0965009291106707,-0.10738085286477023,-0.5373063707194828,0.0,0.3538196788372131,0.0757639113139996,0.20368476479348493
q279_617329,278,Which instrument is least commonly associated with Reggae music?,Instrumentation,Low,percettiva,B,A,False,0.2345132743362832,0.7654867256637168,0.27367701192927557,0.5109362900521481,5.381188205889114,2.7428592182342024,-0.216362981552147,0.37231299751919544,5.381188205889114,2.7428592182342024,,-0.03403940816359099,0.058631337202535216,0.02865701518856429,0.04502876840589411,-0.019422412477325984,-0.06931164626647635,-0.1915581760997943,0.3379645381772425,0.03730484582756921,-0.049361830691256235,-0.024556984734950545,-0.01951655079213534,-0.01774246539948492,0.0,-0.031839697509378276,0.08991253458816609,-0.06602106445543088,0.037878650791888235,-0.0666750639030508,0.09129949311347146,-0.10457294316013518,0.14705722643799657,0.05774039178271439,0.07504347407106468
q27_135660,26,What effect predominates in the electric guitar's sound?,Sound Texture,Low,percettiva,A,A,True,0.13674321503131526,0.8632567849686847,0.6790055799358028,0.524000543618558,3.018086891439082,1.24343573939388,-0.47900795151423203,-0.47747138490639607,1.6051035716478126,0.8544889667181846,,-0.2964503252051436,-0.22803243108138005,0.09999881421078535,0.01949318791752758,-0.0515586039219479,0.003771391438553394,-0.2309978365979259,-0.272703533181097,-0.17713016798793968,-0.3919666647795795,-0.03503584221802857,-0.12507695315967532,-0.05169192340877965,-0.02683979852804414,-0.05633123946848453,-0.08230439035452287,-0.051050604840680226,-0.027633887362577228,-0.031163412609470316,0.06879556045799914,-0.05192818067884307,-0.012783262639781981,-0.024676580302005997,0.12033801145978576
q280_617329,279,What is the protest content of the lyrics?,Lyrics,Low,unknown,A,A,True,0.31067961165048547,0.6893203883495146,0.29710860436659614,1.506633257001671,2.495116236626581,2.0333582346822876,0.1552295080066123,1.2009967733322162,-1.987783270124816,1.9317702301149227,,-0.005054771227395848,0.05748036750225783,0.03837645830836123,-0.1528182418347273,0.187792597878243,0.07844230373582278,-0.06588477695259606,1.217892343928863,0.06449115766772302,-0.029105772582542294,-0.03078005508381456,-0.14069167265565904,0.08166272725321583,0.6573765056323964,-0.053271374861707965,0.12575298740507862,0.01781157237009947,0.05993091061142405,0.0521792122661285,0.3173943917399257,-0.027387524284876577,0.26477927418118363,0.050523792679844616,-0.05443985099959076
q281_617329,280,Who sings the choir vocals?,Performance,Medium,analitica,B,A,False,0.4854651162790698,0.5145348837209303,0.698621364798127,0.27373570832686106,0.8076516058748805,0.27908713806042856,-0.5916306752926948,-0.12338629164532303,0.4521839728855387,0.26673108920694005,,-0.08961888096819051,-0.07009927657689073,0.05349534475271606,-0.04672013581515444,-0.19473033403225237,0.07517470834076902,-0.36077680504496795,-0.08174158759404687,-0.295115230388112,-0.25936954492259634,2.861914002789609e-05,-0.04513034608787577,-0.026196644227526336,-0.0019942455149181935,0.016946897673457955,-0.029456316390462197,-0.07461334704633288,0.10076373829641493,0.004394620592267574,-0.003676770479496834,-0.06209576039428338,0.054813247401780674,-0.15497983064219356,0.06066394605183071
q282_852,281,Which instrument has a strong presence in the center of the mix?,Sound Texture,Low,percettiva,B,A,False,0.5599999999999999,0.44000000000000006,0.39377190078578894,0.36994539649339003,1.2780216057511657,0.7543773441879218,-0.2856433950577792,-0.10167643960915487,0.18966987029097598,0.20047983036146838,,-0.02005787467785665,-0.1425343408702387,0.03228799059480132,-0.09327657718103374,0.021776262269203553,0.03273329987948831,-0.3196497732439274,0.10140117856262926,-0.011585994249882027,-0.23959858694540276,-0.06548049484621384,-0.08567626964489153,0.07962951040777592,0.10762975955997531,-0.018120343980490065,0.04448790748608775,-0.05391288818532861,-0.2336743280694003,-0.013460213578564051,0.0,-0.1082788135240082,0.09011222385735827,-0.09443415710106827,0.21504285414711838
q283_852,282,What audio effect gives the guitar a funky vibe in this song?,Sound Texture,Low,percettiva,A,A,True,0.3924455825864276,0.6075544174135723,0.6324771537888102,0.5602860907814189,5.089407819053469,2.020465498699967,-0.02989539193203905,0.11826889757210268,4.059226085787248,-0.6377487840451393,,-0.024135061715947523,-0.032237530689409696,0.0964552979468571,0.10500677396277071,0.20483558298152846,0.23427072021399004,-0.3070512111444771,-0.1887710659152484,0.1104016495048844,0.124489655790012,-0.0268871214249629,-0.02303476315640432,-0.025845515214181013,-0.030212941278555568,-0.08810677081241143,0.04497934936039467,0.09910127997690943,0.14055653702516863,0.018988105284629745,-0.025279216996834202,-0.06001507231449902,-0.04399983030148201,-0.05753194693240821,-0.06922989287019654
q284_852,283,Which of these statements is true?,Performance,Low,analitica,B,A,False,0.46596858638743455,0.5340314136125653,0.36570483001257115,1.7424488540981913,0.5706009848130997,0.4565311804484382,-0.30634290397166075,1.2917762695080321,0.2888148141336179,0.4565311804484382,,-0.04831303265701913,0.02635484572452699,0.02968096302045519,-0.2151640795921889,-0.13159451094081392,-0.010172212702890635,-0.1561163233942829,1.4907577160785848,-0.05287766746102855,0.37281101547522655,0.04109408746882345,0.07425987025749434,0.02225390037702874,0.18646878356744734,-0.004771605060542899,0.2710306926398929,0.0,0.061491668720795235,-0.013768005957694241,0.03785992806482872,-0.11785353319763471,0.10933750563166048,-0.18042008014061253,0.17851680515068666
q285_1222340,284,Which of the following situations would not be suitable for this music?,Functional Context,Low,unknown,A,A,True,0.12438118811881187,0.8756188118811881,0.22788491020286697,2.083272104648459,1.4290723518022692,5.594022066517268,0.031880905098254635,1.961473461346998,0.718259669840783,5.594022066517268,,-0.07216734157019962,0.12526856790576055,0.005343863145443578,-0.06089932165073039,0.12453904450511721,1.7948105298092658,-0.025834660982106537,0.10229368528270197,0.04638569721138888,0.6677720788448649,-0.058052732036712,0.19915261762781308,-0.02731181282886237,0.08106307278880223,0.008340224083301997,0.04188106019166747,-0.018124802835985252,0.2509315209753038,0.0,0.3131695718024879,0.03606921235061989,0.14431879471357567,0.04457511915450349,0.26318474440248296
q286_1222340,285,Which of the following musical elements is most prominent in this piece?,Melody,Low,analitica,C,A,False,0.5127737226277372,0.48722627737226276,0.47123678218949744,1.4453509701736615,1.184679286460157,1.0159771912247284,-0.05253554107005629,-0.13519172340789715,1.0262979680885111,0.9358244407977976,,0.19459242612264463,0.6550796233828823,0.01475819443707597,-0.047110598385682385,-0.2371497299240994,-0.6940186033827632,-0.02473643170567747,-0.049142145022333786,0.04692977999711236,0.06601661285632782,0.0,0.08841484911737246,0.012188488074893141,-0.06597189169501987,-0.012165061536806417,-0.09965146043188143,-0.054281028188960766,-0.10505053055505228,-0.003940291646213748,-0.06525485435067019,-0.029969855193465785,-0.022648419868846748,-0.01129757257661504,0.06895397151987306
q287_1222340,286,What do the melodic instruments imitate?,Melody,Low,analitica,A,A,True,0.2024539877300614,0.7975460122699387,0.18625482943712388,1.187940526839019,2.526785851611621,2.888439918629567,-0.15009825773033322,0.7625171965350804,2.516299243735621,1.9044990168443312,,-0.1251419842405882,-0.21271166515196932,0.018078285853395326,0.1123487992167726,-0.0038359548421529333,0.8322164764724801,-0.039198604500987416,0.030663585997797026,0.0,0.26654948659370636,-0.0817573601108975,0.04379686286734656,-0.03820878222747251,0.04381634773550422,0.0039329234267019945,0.09343999653066495,-0.0380445557710431,0.07917893089415767,-0.03473853341316337,0.15575648776137585,0.030527853885359495,0.09907247889133908,0.008190196480181738,-0.019093394739014342
q288_1222369,287,What type of movie theme would you say this song fits?,Genre and Style,Low,knowledge,A,A,True,0.5608333333333333,0.43916666666666665,0.27987155841944045,1.2943943185055993,1.3678320128015449,2.826563689378357,0.2533317756786191,0.5081540356979085,-0.3194677984388505,2.316544436934717,,0.19539837186343154,0.901274177101754,-0.013269891370410682,-0.3117221249292433,0.07062460521320474,-0.0813980164746021,0.0005786899723935479,0.0,0.042945331915754295,-0.16765193997130085,-0.02959531861257611,0.12105245063372477,0.010953664394498071,0.11959108827526069,0.017394726201544128,0.06750859102251798,0.027544561412908557,0.06555224362150222,0.0752347495959782,0.13148871137924845,0.06817258007686876,0.09065732737820206,0.04068148069364322,0.07995556335875327
q289_1222369,288,What feeling does this song add to the picture?,Mood and Expression,Low,knowledge,A,A,True,0.506076388888889,0.4939236111111111,0.23380999410466047,1.2262207079688299,1.6560633935244125,2.5794364245645824,0.23380999410466047,0.24389713370822497,-0.39693452003454266,2.5794364245645824,,0.16584234847527096,0.7350589208385275,0.025808473199846325,-0.12967046191770906,0.03731752560601675,-0.28110803998811307,0.004841646823526419,-0.08038328522448046,0.04787776692276211,-0.14250109133788166,-0.057244951561201914,-0.041174028791070676,-0.006931574972386924,0.0015403650262624802,0.04252711046845508,0.07958984306824315,0.021581457129523352,0.08531739682112993,0.10380833748460395,0.2833744768276442,0.06127865201572378,0.07360461691403544,0.020913196617180996,-0.09585444482013791
q28_14013,27,The beginning of the song starts with a change in dynamics. What is this called?,Performance,Low,analitica,A,A,True,0.30841924398625437,0.6915807560137457,0.20948053392337854,0.34816749734296276,2.663067040703106,1.337209471013063,0.17045063989075157,-0.047786407455507385,1.623841430045873,-0.9039695839140249,,-0.0021094236278720556,-0.05040354679137337,-0.017405523388441427,-0.07827658190469977,0.1866227567597349,0.1501905449437277,0.003342830147330167,-0.06929682370316192,0.1088990461275543,0.20333742088936535,-0.00927852290935747,0.08394560924938929,0.01100934788815369,0.027400899825919908,0.027775772179860297,-0.06223159709956552,0.0005556642930980727,0.046386369720791853,0.0,0.0,-0.040214868562426107,-0.06320679264374923,0.07170420087386878,-0.2834183173976591
q290_1222369,289,Which of these elements does not contribute to creating tension in the song?,Mood and Expression,Low,knowledge,A,A,True,0.16447368421052627,0.8355263157894738,0.32889963444143716,1.2357889245186178,7.069282439899302,1.2036988344591768,0.14535583743642438,0.5327239913472951,6.793795791515388,0.9896586326202057,,0.1170484229038313,0.4632275551078502,0.0708112270998161,0.34677614124965606,0.04926808593528338,-0.3515324665856613,-0.09177189850250639,0.07425276157545017,0.03460926026985135,0.1778919666645208,0.0,0.20472644701762444,-0.04774948524948802,-0.08190989799042309,-0.026040593026881467,0.08299806563099896,0.09913348606182566,0.040362084876361407,0.032394390606410334,0.0839527643796401,0.04162364848379338,0.018973925368107616,0.011385130290913176,0.005728635400464921
q291_1352257,290,Which of these statements is true?,Metre and Rhythm,Medium,percettiva,C,A,False,0.2301980198019802,0.7698019801980198,0.4149200447172304,0.13032847775943193,1.9832167032110048,0.4094075164401275,0.1542775669813738,-0.13032847775943193,1.9832167032110048,-0.4094075164401275,,0.2845988058493021,-0.06028685552327097,-0.07008294577010604,-0.03922767404142251,-0.03789099158794608,-0.030813948194738455,-0.022347301509876186,0.0,0.02599073853935284,0.048781732120649034,0.0005500278829683996,0.021538232004625776,0.0,0.03282995707659448,-0.0281503565065962,0.01218939113057318,0.04748162943556708,-0.08841694956815868,0.06270188813588759,-0.09773866627537837,0.06891380583094901,0.012682952184276994,-0.023210166336754996,-0.07219512643261433
q292_1352257,291,Which country does this music remind you of?,Historical and Cultural Context,Low,knowledge,A,A,True,0.3781818181818182,0.6218181818181818,0.1666488108722388,1.1272847667681047,1.8167249500043767,2.7077642802778774,-0.00973099143218878,0.6742881940525848,1.5966280203309189,1.258999572135583,,-0.012860076397836671,-0.22642628074836965,0.078458909720025,0.26029345840315177,-0.0753298247543771,0.640493022007193,0.0,-7.200560939030903e-05,-0.11129147913624175,-0.12421620899346292,0.05810613425248751,0.23465444941361227,-0.016833724804861845,0.06311519982425903,0.018942902691792402,0.36359633235976363,0.07139058162199288,0.2971084533857883,0.0092269358637843,0.03847747000620178,-0.023152614899834268,-0.1064384066879998,-0.016119727021307984,-0.09200909525557742
q293_1352257,292,What is the main goal of the bass line?,Harmony,High,analitica,A,A,True,0.286144578313253,0.7138554216867471,0.2673218797410241,0.47376957156452454,1.266357522757215,1.0287149960118318,-0.08462922551065395,-0.0877578776289371,-0.65237848959474,0.31468758452874235,,-0.023693214012042364,-0.15062743848696314,0.07677552971973348,0.18808213365701412,-0.15228233861379667,-0.1301362861097677,0.014570797395451602,0.004923713310779631,-0.11280072734169794,-0.037351339723572546,0.03385033016811954,-0.006116855304568803,-0.0013574162041420732,-0.04693935302450951,-0.014105732148165262,0.03284946815510094,0.007064907041088312,-0.013811279618690574,-0.0034290920010499847,-0.017148210072226375,-0.0035647881921876956,-0.02809656894414936,0.009713293167381138,0.028856260903679126
q294_1936726,293,What is the most important element in this song?,Sound Texture,Medium,percettiva,A,A,True,0.3405963302752294,0.6594036697247706,0.08696870769095849,0.8147172480804346,1.66697883633915,1.8271443889990548,0.07661046077794317,0.5524543805813589,-1.2065082112017853,0.8509324362956968,,0.0,0.0843747480456534,0.01171015544853767,0.12070324027085727,0.07007942878591317,0.478507826014386,-0.005179123456507659,-0.13113143374953787,0.07309739142358013,0.1455399463234303,0.0020263158041800722,-0.04337789520762034,0.014712228121737421,-0.029284770720830695,0.0,0.0,-0.036570232083548856,0.07701378414200043,0.05949956807130162,0.2957210745803168,0.002061677123303386,0.18988019581155044,-0.0382164876826106,-0.08303795434748812
q295_1936726,294,What is the decay time of the reverb used in this song?,Sound Texture,Medium,percettiva,A,A,True,0.43478260869565216,0.5652173913043479,0.08037674906963084,0.46681667768704044,1.428955029722292,1.006811123388824,0.03006342226290542,0.4147473877896127,1.0906573459416724,0.23026652582963614,,-0.02515666340336271,0.04821042386797976,0.009241744099294968,-0.02603464494871388,0.021475594149031135,0.25437075891067595,0.024502747417942027,0.13820084995967086,0.07038258659604074,0.09245271801128929,-0.0005147788737342573,-0.006404513918554636,0.0026379327357794052,0.0005970129530522179,0.0012947179231717395,0.0,-0.03239523394834734,0.10383374459659203,0.009458774740984775,0.019843747653597865,0.008035592759657442,0.20442467849363594,-0.02883616967064708,0.0
q296_1936726,295,How is the reverb size used in this song?,Sound Texture,Medium,percettiva,A,A,True,0.22860125260960337,0.7713987473903967,0.2105592225038429,1.5240006982775542,1.9496531840316655,2.077677787744428,0.07396557147799616,0.5191948455580211,1.8233264035915617,1.9771815212961232,,-0.029340567371819455,0.03378248528537288,-0.03895625814110391,-0.5024029263597666,0.08705438882881968,0.627003002561183,0.05520800816209985,0.3608122840712318,0.07304763822466667,-0.009250879840009829,-0.017855639628189923,-0.08199538420219384,0.0,-0.05351333969456194,0.0017032952840218387,0.0,-0.015099924642548678,0.23698240757752678,0.023203811065606032,0.020310372562930917,0.0352002570856471,0.3532439149545937,-0.026233865911206876,0.053417754199735296
q297_1320579,296,What type of pedal effect is applied on the voice in the intro?,Sound Texture,High,percettiva,B,A,False,0.3632075471698113,0.6367924528301887,0.5739072924483523,0.15844479550563662,1.6262157048628985,0.8235088050367039,0.16257133832073153,0.04023391386228157,-0.5665936987327603,0.12049985384674358,,-0.006058572588583361,0.012587569115555794,0.03125597186905164,-0.029479855992588323,-0.199609404475227,-0.029625584829089197,0.33698334351549025,0.0867517855684033,0.12896455917769842,-0.07857360252341318,-0.0061566080916384235,0.07013921424530425,0.18719731330899173,-0.24126746169794588,-0.0651758540740186,-0.06491133204934016,-0.032751007113680876,0.08531574111623916,-0.02454789874491164,0.2139714101193995,-0.03522282081526466,0.03332389208014747,0.010263654673555606,0.02223605257189042
q298_1320579,297,What instrument plays the bass line?,Instrumentation,Low,percettiva,A,A,True,0.09926470588235296,0.9007352941176471,0.8002110023196295,2.497635309731832,2.556789275766969,0.8935572834447795,-0.41896309100837464,-0.08145684836955347,2.556789275766969,0.8935572834447795,,0.02249708220345753,0.12687207753705348,0.1681268734521699,1.081217153144086,-0.2345542493244109,-0.9178914994622476,-0.37503279733959116,-0.3716545795884454,0.1461902658570342,-0.10054351389223079,-0.04125411620684642,0.12687207753705348,-0.1027818222339946,-0.19259999726250812,-0.13434412155275705,0.0291404649310993,-0.007985219692108962,0.1236750698902996,-0.25026004304202665,-0.1835074996229043,0.0,0.0670927370357702,-0.028528034137675143,0.04841381301386727
q299_1320579,298,What region of the US does this type of music usually remind you of?,Historical and Cultural Context,Low,knowledge,C,A,False,0.5479166666666666,0.4520833333333332,0.24759430283989212,2.6854564631043214,1.1615241836733698,1.0248761656051348,0.08183970722920683,2.6854564631043214,0.502241126023934,0.14104885974630332,,-0.01744572127577926,0.06218420564496821,0.07938126978690092,0.08818452368659127,0.08533573524764855,1.0920113130864635,-0.06543157652956338,1.4430764206862985,0.1680294305424461,1.2057253916636015,0.028243705753707687,0.3936218088324728,0.03797513548722464,0.3635372580413724,0.06544435279840136,0.5221415848234123,0.03848557432259645,0.3164948134586067,-0.01008045174219345,0.0,-0.029459248707292947,-0.05505961526970905,-0.216798791225683,-0.061004778445434865
q29_14013,28,What is the interval between the two voices that play the melody?,Melody,Medium,analitica,A,A,True,0.2890243902439025,0.7109756097560975,0.36774804831806585,0.9003807768702597,1.97545105421004,0.8696832624148998,0.3252608561045339,0.6711943629854348,1.0886694489285738,-0.11523836527572147,,0.0063755967383594975,-0.04736620611061201,0.0,-0.029987968670431863,0.34012885547294036,0.7857875699278473,-0.02124359610676597,-0.03723903216136863,0.0633997548709624,0.18863549180124828,0.029310097089203686,0.03979500704788576,0.05569326758616222,0.10833997486915692,0.03818633426726069,0.047763410314749705,-0.029937095298602417,0.10864486578299108,0.0,0.0,0.025694930917806634,0.04083626329368887,0.14291356667174065,0.13717934987571412
q2_1204663,1,"Which section of the song follows this harmonic progression: vi, IV, I, V?",Structure,High,analitica,A,A,True,0.6394557823129251,0.36054421768707484,0.49802170491630365,0.3779278403750565,0.9634616841595328,0.670231310942652,-0.20900976199533333,0.06482924614066612,0.2741814294698921,-0.12450906145860155,,-0.044203530048003814,0.058792317337599466,0.04180122794650133,-0.08943734694426227,0.10270474351398384,-0.06711195017293291,-0.3093122034078147,0.16258622592026184,0.13958653778648442,-0.24770696224819114,-0.06854547121950129,0.16349049064745455,-0.07088174619849721,0.07380858755527192,-0.00601560921810463,0.06691203755308665,0.02299112214262751,-0.05719843025530371,-0.06491790718965496,0.0,-0.06917105464966901,-0.013439235848574725,-0.09205563344901817,0.07896275873692259
q300_1079319,299,Which instruments are used to accompany the voice in the intro?,Instrumentation,Low,percettiva,A,A,True,0.44264339152119697,0.557356608478803,0.4332272291738549,5.269079547766149,3.2415404773964203,2.2728103115828318,0.2206527735770745,1.668928693208314,-2.175164606477176,2.006321454822135,,-0.06351177487413553,-1.540546846072294,-0.04277545292425468,-0.25952858120662375,0.25457698002469986,2.046437280649435,0.07236302135076486,1.4225668398377969,0.14937919060856467,0.5020875724751168,-0.050121753972673544,-0.12347849490010221,0.02820750617991809,0.5654000275829079,0.05705060448988467,0.25035393214012636,-0.007309467472924686,0.19970337163927376,0.013958306923250436,-0.07827361678751407,0.0294883868210549,0.0,0.0,0.3531359010585059
q301_1079319,300,What do the lyrics suggest?,Lyrics,Low,unknown,A,A,True,0.7701555869872703,0.22984441301272984,0.21662668343664518,1.0402072023223041,1.3147840682097578,1.5514125814448447,-0.06259760918337112,0.9651541530185499,0.2944881487336924,-0.2663544038690151,,-0.006321048935766033,0.1601445463423397,-0.022608074463735545,0.017794654706723534,-0.11068302291050658,-0.03752652465187705,0.07701453712663703,0.8247414766213638,0.0684939564602347,0.013274059867732044,0.042838186622908406,0.5791262179228873,-0.08028646777261,-0.09399857055454844,-0.04266820736635869,0.1788212244755586,0.030049494907830834,0.1438773102815688,0.0,0.03168620708802717,-0.014843715672037777,0.024644002529861028,-0.0661808563633386,0.08772370140746347
q302_1079319,301,What´s the style of the song?,Genre and Style,High,knowledge,A,A,True,0.432741116751269,0.567258883248731,0.4074914555179542,1.1505430641532788,0.571816181923485,1.9304382843536843,-0.17689191447626565,0.005312689017551664,0.09540273757081176,1.5809417831114523,,0.06323317772367074,0.036154073957216294,-0.005914721307514002,0.22520328508650195,0.05206659279717355,0.31657051754169696,-0.28627696368959593,-0.5726151875678636,0.12210176169772732,0.042982867747331864,0.05468304352798897,0.0,-0.03839555709617017,-0.06723758652636444,0.0,0.2044473668838952,-0.05842573154916769,0.002129798532404567,-0.06258269213109631,-0.042424347016628366,-0.11574173303653115,-0.18285865664795706,-0.0785310058890166,0.04827324604486981
q303_498814,302,What kind of music does the intro evoke?,Genre and Style,Low,knowledge,A,A,True,0.6401869158878505,0.3598130841121496,0.3002266474795531,0.804473842037343,1.6619652931335325,0.991701333032174,0.2222242771547543,0.2227440021006214,-1.2877025452104118,-0.03030380340868216,,-0.03900118516239939,-0.1505379593766986,0.06763583600458155,-0.10711825074435868,0.1907242054074777,0.5136089220689821,0.0028654209050944443,-0.033208709847303466,0.06129431010804898,0.1906586135707392,0.028169078689683418,-0.06844688901241258,-0.0018316178119570908,0.020015577938911712,0.01887647616544759,-0.09890384966741611,0.009795862775662795,-0.01805954326782347,0.04954003944270706,0.18952970986122056,-0.019223692728076103,-0.13622174456401637,0.07560382051323766,0.14417212724141848
q304_498814,303,Which tonality is used in the intro?,Harmony,High,analitica,A,A,True,0.37999999999999995,0.62,0.310176602417195,0.7420551005020454,1.5969437324166205,3.4416216283087104,0.29233986798671024,0.7420551005020454,1.2648758041272639,3.4416216283087104,,-0.008918367215242388,0.04590377256992188,0.1000955016556703,0.2427605255929403,0.18715750055400648,0.4294219334730559,0.014005232992275865,0.0239688688661273,0.08203715539124173,0.30163077439718594,0.017210575390722817,-0.1368299353390525,0.01667089744513892,0.11230549030293269,0.005912841274874507,-0.1730307850300245,0.03251979329491369,0.14919160817901977,0.05478452305369577,0.1940943595970873,0.01462720222082931,0.07057036217374621,0.06857687991529351,0.22412322622115044
q305_498814,304,What mode is mainly played by the guitar?,Melody,High,analitica,A,A,True,0.33843212237093684,0.6615678776290631,0.32469929268777536,0.9047399192667553,1.924181498867585,1.446306160225335,0.12448917974482711,0.8120230578288998,1.8144958030284188,1.2793422790063378,,0.22459423621630126,0.13981107012741034,-0.01379538069556005,-0.04635843071892781,-0.06770994135190572,0.6802378434373494,-0.01859973442400838,0.03833257498306789,-0.11154013211232156,-0.4620200847226836,0.010470903364553315,-0.0532627109739635,0.01465335582355171,-0.0014561739268890497,-0.017443162601181415,0.2122454352642683,0.019127918771380287,0.038396189706098344,-0.0720199435796782,-0.15849661699530174,0.11139287895455656,0.4008945434657143,0.16984736112396642,0.8357224760116566
q306_785413,305,How many guitars are playing during the song?,Instrumentation,Medium,percettiva,B,A,False,0.19483568075117372,0.8051643192488263,0.2654144144588735,1.3361640340994927,2.3552940890926215,1.451793521567501,0.1936021421649297,1.0512509784632438,0.6983035863137041,1.0022531435894648,,0.20380877223815047,-0.11965284999823271,0.0,-0.02280367781989165,0.025699506073751127,1.1937075062813682,-0.0359061361469719,0.0,-0.18612060890538806,0.38875848321978246,0.06974553088319642,0.15886147637712528,0.0,0.08836475042502019,0.06116663886313112,0.27522150702423953,0.0034958900078181625,0.08415163837899312,0.11140017075764697,-0.08331906467167416,0.07630174442427409,-0.04386013836647215,0.05761277613425103,0.18307232607622972
q307_785413,306,What type of guitars are used?,Instrumentation,Low,percettiva,A,A,True,0.6125703564727955,0.38742964352720455,0.2981757998239814,1.9632737731310004,1.6763305724903588,1.5976564869278544,-0.10367967954845991,0.761441992504442,-0.31311960552042484,0.6579667759579654,,0.09724806013776074,-0.5322165403037984,-0.01834929305935602,-0.06869935000948081,-0.11798101687656937,1.3623578828177212,-0.06459742975029527,0.0,-0.2523224572825777,0.1774644761791958,0.02896351111386351,0.11330125890405703,0.013592306647780127,0.07834006311742986,0.033136556252482414,0.213738302312023,-0.04216951749464748,0.13380248303304035,-0.03630379436944201,-0.04933214680220455,-0.0061808827935933355,0.04525091554250557,0.15760459837767454,0.048876640218394884
q308_785413,307,Which percussion instruments are used in the song?,Instrumentation,Medium,percettiva,A,A,True,0.49688149688149685,0.503118503118503,0.40612524829036284,1.2253364609470723,2.0286173782340473,0.5182515224903838,-0.10163011030177972,0.8813007893818608,-1.6000305229283647,0.2208841535546856,,0.15224756899429154,-0.15830183937019168,-0.023216418754027728,0.027706396261930222,-0.15331801559999514,1.0256122289025362,-0.0773432449420484,-0.013715996412413986,-0.2764238364080974,-0.044438994006580274,0.018391419445314,0.15599491070104682,0.01185678858289653,0.0416556291598736,0.04066905938606547,0.25983569752150076,-0.01896172880465254,0.2049913371833248,-0.017143566513018613,0.1786748657385529,-0.014588470467851604,0.0869507085635616,0.15457022447756447,-0.002363365479419427
q309_964594,308,What is the configuration in the brass section?,Instrumentation,Medium,percettiva,A,A,True,0.7350000000000001,0.265,0.632196295863042,0.6174312878998718,3.1345835674821907,3.2798384683414694,-0.5147244922054635,0.2448949613493282,1.5821422553749156,-0.9598113780814267,,0.05171064903508741,0.03149743311072673,0.007025252793701902,-0.1862681632752718,-0.142511754370008,0.0889393927777848,-0.4309486396642448,0.3107262987360885,-0.26688956241867845,0.18191960460731876,0.01611561358107673,-0.08294137267241206,-0.023222871726850964,0.019126735873545735,-0.031624635359527926,0.019650573598551466,0.04138749686988165,-0.014700350959988468,-0.06230559635994428,0.02336940985739619,-0.060072641936334076,0.13625012857281876,-0.12811229485508613,-0.03777976752790221
q30_14013,29,What is the name of the ornament played by the piano in the melody?,Melody,Medium,analitica,A,A,True,0.38222222222222224,0.6177777777777779,0.32732375889346893,0.19087169909533186,1.8192528599920677,1.06085417658634,-0.32732375889346893,0.08833897350907577,-0.2412778876689045,0.38902091052377996,,-0.011318713991838265,-0.014488706343898242,-0.0037093243771125425,-0.0367776564492298,-0.3066683406228343,0.09482949906605093,-0.005627379901683793,0.04477583723615288,-0.1071491674199502,-0.010785064928579693,0.047515268885409696,0.0016610051548877833,-0.009631329919962583,-0.04650263262206187,-0.01277016253103476,0.048292194061762383,-0.08114474895398305,0.14676874037638563,-0.0010049920523632306,0.05925560476717266,-0.037618728860508634,-0.05318867312195377,-0.1255198980410762,-0.05716220017853733
q310_964594,309,What type of genre is this song?,Genre and Style,Medium,knowledge,A,A,True,0.8699633699633699,0.13003663003663005,0.5484522374829757,4.473297606396605,0.41236340113324843,0.48820503534293747,-0.4439871716510122,0.8612857873417565,0.04764880067785112,0.06564770249497066,,-0.01847643508071953,0.6441423150437751,0.020968530999091784,-0.1070529486080492,0.031264001916889966,2.0231493818254056,-0.47774326948627444,-1.6989529609193748,-0.2246300716272141,-0.27250784156491353,-0.08638584853206366,0.26543222425133106,-0.04797147402728102,0.12654591497609288,-0.2393991623910549,-1.327784067081236,0.010692878620911884,0.5324994586254174,-0.031467812443740036,0.0,0.025022921709307276,0.8339312868821814,0.15015139704012234,0.7031688112528834
q311_964594,310,What's the instrument used to mark the rhythm?,Instrumentation,Medium,percettiva,D,A,False,0.461376404494382,0.5386235955056179,0.19849968269522694,3.167688558943626,3.221762912630415,1.2097488464204336,0.027405618222827097,1.240064311250785,1.4345034613957326,-1.2097488464204336,,-0.06366288212058788,-0.9638121238464203,0.0,0.0,0.11295265045902703,1.221449220242174,-0.021884150115612053,0.9824272148550314,0.16226652802092154,0.43821162697597305,-0.05102141575826598,0.21881904016078516,-0.01709782870776997,-0.2213168233704947,-0.032301971600544696,0.08892689528152409,-0.045343715568812074,0.1344265261704944,-0.0010205207578586166,0.03927368678445228,0.03305332744475471,0.3217315960132707,-0.021128784849597834,0.21999176323477995
q312_1051203,311,Which piano technique is used during the accompaniment?,Musical Texture,Medium,percettiva,A,A,True,0.5830258302583026,0.4169741697416974,0.8033879617800901,0.6284166019985366,1.2146302259563408,1.261848907252463,-0.562811476520964,0.47206043552669985,-0.14678438633776245,0.08702736420948326,,0.040406121441086136,-0.005939576352077331,0.04957324564652352,-0.07223850688384102,0.030308875541953446,0.2816526545114117,-0.683099719150527,0.2685858642512065,0.060840574651891986,0.033822264328828164,0.040782838467719365,0.014244522839468206,-0.10749919545952663,0.11075618112339405,-0.03642345909034574,0.03745808585363002,-0.11307722999725195,0.029899369734626976,-0.14514402223166312,0.01965409115010965,-0.13386904972877245,0.08777850759837158,-0.12842193313301536,0.1384474128982712
q313_1051203,312,What emotions do the lyrics evoke?,Mood and Expression,Low,knowledge,A,A,True,0.5992779783393503,0.40072202166064985,0.8324854158690229,2.974779397010147,0.6078572628021033,2.510157628130014,-0.7598780389710738,2.693850441977443,-0.5792131811302731,1.1708567354397554,,0.0,-0.03555098895721274,0.03630368844897457,-0.10491348855913929,-0.03798025258894306,0.7796000295573844,-0.7582014748311052,2.0547148899364105,-0.290740923401484,0.11381189405638797,0.12295282622306922,0.9915743696565908,0.060606193723488376,1.0810006154112213,-0.013431907535677558,0.17323847868083847,-0.05440576030496213,0.050796048043996345,-0.07027941845792163,-0.006685672659288114,-0.2129343354495462,0.2559790749141779,-0.3016447137680399,0.034135633873518444
q314_1051203,313,What dynamics are used by the piano to accompany the bridge?,Performance,Medium,analitica,D,A,False,0.3273972602739726,0.6726027397260274,0.40651735533207445,0.4957426909603558,1.7463772727780151,0.7245471820623898,-0.40651735533207445,0.4633487557953352,0.6418561991914351,-0.10440676659717005,,-0.013210680249449429,-0.016196967582510303,-0.011558587726038327,0.007655256688684844,-0.002316401044291233,0.18084577586943412,-0.37943168631229546,0.2910446908197265,6.177566119064393e-05,0.042602122693022756,-0.006479700953944539,-0.01914402465867067,-0.019043966320121675,0.0735684790349248,-0.02815946466245531,0.033331754330666596,-0.06081491039440383,0.15509291973853426,-0.10012042369591734,0.058355933079643985,-0.11675656450213491,0.07359226973348397,-0.0752041004642875,0.0459493018437295
q315_1351134,314,What´s the rhythm used by the drums in the song?,Metre and Rhythm,Medium,percettiva,C,A,False,0.3846153846153846,0.6153846153846153,0.7796405672391926,1.3418312026287706,1.0410360762191215,1.3483120919294236,-0.5743603643973488,0.9263793769451864,-0.08345258633680372,0.7411652892651763,,0.0675466428985452,1.060069163686232,0.03509345852237669,0.05123502964354728,-0.1764646552069952,0.022801096457199237,-0.5005358106112755,-0.2077259128417922,0.055616037660782436,0.4661679025672022,-0.08139545870414083,0.09610582508486255,-0.11190447231319225,0.0978053763840333,-0.08418066528279977,0.13851283644318563,-0.08514378132406406,0.10139985639477075,-0.06444393550503617,0.1381414257568131,-0.08663476371844825,-0.02944179851639002,-0.11627332521044988,-0.08231204716929097
q316_1351134,315,Where is this type of music usually played?,Functional Context,Low,unknown,A,A,True,0.5995203836930456,0.40047961630695444,0.920605217286867,2.5392483597257036,1.2765933917209598,1.4344314525611097,-0.2974236660069399,1.5919925920812887,-0.6228370111850101,1.2709303576789535,,0.3115907756399635,1.4700478239244967,0.0,-0.4736278838222075,-0.26308256680724995,0.3376091130193989,-0.3459318748396535,0.25796353895960056,-0.061996677026820615,0.20485312666362554,0.07880256889553436,0.4991431794555192,-0.015755239644404673,0.1033732986829301,-0.09508565358339773,-0.1287077610351688,-0.04511505723181421,0.0,-0.06527334886282707,0.18262640665413724,-0.17405945208520385,0.23238091410628625,0.0810591935319939,0.4983234275539591
q317_1351134,316,What percussion instrument is used to divide tempo?,Metre and Rhythm,Low,percettiva,A,A,True,0.22986577181208057,0.7701342281879194,0.9299867383154007,1.2754745393873264,1.9873766049899413,0.6228127559022996,-0.6479278682098356,-0.36346527856398425,1.5296384538983574,0.08936079958811391,,0.14102943505278254,0.11325642628615606,-0.02459826511959947,-0.24836443303812067,-0.2261406606015403,0.34274820412551493,-0.5382183775414784,-0.5711054759375346,0.004443263628297785,-0.34663918147546957,-0.09110156196376612,-0.10214336175849363,-0.07958533828862868,0.058474472128244935,-0.15105340665736483,-0.09869449047298942,-0.11897862450236503,0.07512523033274598,-0.1016788709960542,0.09014427836398513,-0.07131459279854199,0.12376798632888422,-0.03865873663141257,-0.1635002120108919
q318_307395,317,What type of technique is used by the guitar?,Performance,Medium,analitica,A,A,True,0.47800586510263926,0.5219941348973607,0.5520288358712528,1.9576236811103964,1.6494666745147026,1.4470206356491482,-0.15759612027145334,1.0692868390581451,0.3853481334283637,0.33800263901720085,,0.08356797767778798,-0.07722701420051234,0.04636294564499932,-0.36694140682561327,0.06728543447711244,1.1126609823452867,-0.3548124780713531,0.40079427773898424,0.1709943723199847,0.2511683988295006,-0.016276287110004138,0.21185679790354053,-0.07417858522427559,0.15481542429825848,-0.07885016851193206,0.09274686541735613,-0.04124719362944764,-0.0646387050954929,-0.037897978891472305,0.15763294056307492,-0.08183456830249014,0.0675170559008625,0.0016942890781838707,0.19818806124104504
q319_307395,318,What kind of clave is used by the percussion?,Metre and Rhythm,High,percettiva,A,A,True,0.27253218884120173,0.7274678111587982,1.2202557376647745,0.5625258058735003,2.671956536151715,0.9363983779046472,-0.7420384340955163,0.4089260644580165,1.7425228053887558,0.9270761017691357,,0.17967777832445062,0.18208058501946686,0.05943087346017852,-0.06393057335837508,-0.36629508624024787,0.30364535014629157,-0.6148519996398976,-0.01286929734936687,-0.22266258067284356,0.2120433092969216,0.03440245158885834,0.1642884876789502,-0.04430760449076565,0.17779461341517394,-0.08207455198629064,0.09537351442563272,0.0,-0.029174837747377995,-0.10741641821161826,-0.056803969092951746,-0.11581217770446693,0.0,-0.2041675526183896,-0.1545950535183323
q31_644172,30,The melody starts with four notes on D. Can you guess which note is played after?,Melody,Medium,analitica,D,A,False,0.47689075630252103,0.5231092436974789,0.30346529868495936,0.6179215789441911,1.2114370852664202,0.8565307595316063,-0.20267732716207487,0.32235570688854054,1.1858696741913146,0.764648427753977,,0.029770128557992086,-0.06073600891302647,0.02062385720345016,0.08891175559113712,-0.03189535111875186,-0.08704692711479883,-0.22117596180476526,0.3812268873252287,0.09782617694589198,0.058016723729857084,-0.024349294699665732,-0.03763130769238732,-0.02421751724528081,-0.0061473767180707205,-0.10728875020020646,0.06355277785747711,0.020983590475438105,0.02259189162393318,-0.08540621533612766,0.05497183601347443,-0.056017295695967945,0.0613597436378405,-0.02420802140615632,0.10564141843641624
q320_307395,319,What is this genre called?,Genre and Style,High,knowledge,A,A,True,0.7066326530612245,0.2933673469387755,0.8350539035732174,1.9827596349555017,0.8543180334853626,2.0940843521706,-0.7362328698632151,0.5429551025609746,-0.5210597202212898,2.0940843521706,,-0.008009317437350089,0.06149071652310288,0.049410516855001155,0.07714522942831693,-0.42072747702709407,-0.7199022661972636,-0.35690659225377214,1.1242214228068184,-0.30553787084560896,0.02088328446608833,-0.017686155436318567,-0.04835856604048576,0.0,0.13969177525772963,0.019172093901083813,0.12879595279646883,-0.06620275450957665,-0.2443999979245133,0.0010550232045275915,-0.02982033506592724,-0.11918079302266561,0.12010532999854467,-0.2478524131546568,0.45605765907306944
q32_644172,31,This verse of the tune is written...,Harmony,Low,analitica,A,A,True,0.6362763915547024,0.36372360844529755,1.1044087626438244,3.6116404111510576,1.7201452305557023,1.211775318972877,-0.24941481019751055,3.4599054803543146,0.03570447612998573,1.211775318972877,,-0.025251519385217917,-0.07586746539837161,0.05742208957193104,0.1639255722561208,0.3700748866512259,1.728779200916333,-0.6516602670354495,1.6430681725802325,-0.0010771442551070348,0.20985224056600582,0.0,0.10693250775377694,-0.10127331986914066,0.6479437086608442,-0.031925576289678785,0.5513807546976898,-0.025831180107586844,0.24976100843804452,-0.02545718263968054,0.49943564274379926,-0.012862969394039227,0.2732042691200519,-0.050987437642277464,0.9213953483741022
q33_644172,32,What is the time signature of the tune?,Metre and Rhythm,Medium,percettiva,A,A,True,0.33732534930139724,0.6626746506986028,0.7737646008537458,1.24687656956513,3.879978964607152,0.530555163569316,-0.2392268591206626,1.1963120383745969,3.879978964607152,-0.032303399007338474,,0.04196036870794295,0.3291869495140226,0.037665494308985685,-0.025282265595266577,0.1876430078496129,0.2890243745323571,-0.5064957299872042,0.6033829799234838,-0.019419901157014724,0.12775503200252483,-0.015550766291813928,0.22940091199576365,-0.05938986193491319,0.052552942091508764,-0.0699703729466236,0.23647633780572905,-0.06170422255613874,0.20132262903789044,0.0,0.21337780462787537,-0.02389387793424105,0.08476651197340554,0.010702143700082663,0.050659868839899314
q34_355486,33,What compositional technique do the piano and the drums use in the introduction?,Musical Texture,Medium,percettiva,A,A,True,0.19312169312169317,0.806878306878307,0.25277150638572443,0.8778766846427652,4.337018295858447,2.7400590801805245,0.25277150638572443,-0.11755554252000838,-0.017873347952759133,2.7400590801805245,,0.04192916480435584,0.3731143522413726,0.11423471804860952,-0.49771611358138684,0.09660762353275912,0.007046218820005834,0.0,0.0,0.03801706178798635,0.17723399297431158,-0.00848937955772473,0.1391418649828115,0.017851533791334723,0.0854389192502685,0.0015525458141736476,0.01300951477245084,0.033219518732807776,0.0,0.005638042812098051,-0.2618751650637824,0.05436512984033992,-0.11744635770523419,0.11061705316470873,-0.15305831173083417
q35_355486,34,In the verse there is a dissonance that doesn't belong the key and mode of the tune. Do you know which one is it?,Melody,High,analitica,A,A,True,0.29724409448818895,0.702755905511811,0.3154408744441062,0.9946353209637965,1.0762194288721108,1.1974930582711691,0.30458777514281765,0.2715210165646443,0.2950209107150825,-0.4185018983849916,,-0.005426549650644263,-0.05524579908288867,0.1224129139907596,-0.30631135311668745,0.1876014108027023,0.6062057431206306,0.0,0.02687242564358982,0.06776431992660781,0.4704845399833335,-0.025450112227489018,-0.03865125743096029,0.006479480511804012,0.025968658602530566,0.00609401300843862,0.157662511023099,0.016652503949885426,-0.1297117268021257,0.032774503023393846,-0.13889226323032516,0.07208622112719423,-0.03514738816990225,0.12818684582298268,-0.040192057411005414
q36_355486,35,What element does the piano player introduce in the piano solo?,Harmony,High,analitica,A,A,True,0.417233560090703,0.5827664399092971,0.5679733706982647,0.9451593350653442,1.825673148647487,0.7976517473794331,0.17029408423866227,0.3470029406973049,0.1288169311181401,0.019252869453229356,,-0.18318329027314956,0.13225588859334364,0.18328541084866745,-0.2990781971840196,0.185848316619796,0.5138252492879809,-0.015656352956651638,0.0,0.03747567776418287,0.19418164341621907,0.06596035623441893,0.05570900460256286,0.04108852408877829,0.03429205053144953,-0.0328243576410405,0.0342588065136426,-0.045076723436283286,0.010936702280391404,0.011880478599781162,0.019210047843096822,0.04891753818334652,-0.05329440366443373,0.04287259044547829,0.05170908917437639
q37_337998,36,Which percussion instrument plays during the verse?,Instrumentation,Medium,percettiva,C,A,False,0.6410788381742738,0.35892116182572614,0.3339898067565613,1.8891486259536536,1.4230673323682776,0.7909115424632503,-0.06617385239922738,1.8891486259536536,0.5163540051838367,-0.2951096929802889,,0.035140098831868374,0.09237383124112336,-0.0024368129118009143,0.0,0.09876787834679858,1.1113150305757584,-0.1976450166660934,0.6854597641367719,0.0422826160080105,0.2242249177599613,-0.04259813396938855,0.08511940363134077,-0.041546030708060025,0.03504619301912812,0.02816597808849388,1.0892335813441147,-0.04978360138270931,0.1099370064664609,-0.05283632045398795,0.09746392216169747,-0.03235840595220109,0.09565017914185103,0.0825000459706152,0.1524734224290994
q38_337998,37,"Here, the singer uses a specific vocal technique. Do you know what it's called?",Performance,Low,analitica,A,A,True,0.37454873646209386,0.6254512635379061,0.31565611498527035,1.6907083104085328,2.8322021772933406,0.5857414912008703,0.04623762501004598,0.34043059816300425,2.7212065431078907,0.09361207928771331,,0.035014620898407255,0.06024566650390171,-0.007155767332206052,0.009884815247639761,-0.12755347765540614,-0.6751388561227643,0.14593224909925093,0.945438972534227,-0.23131525911397371,-0.008619145481571867,0.05442387497643098,0.1175537433593172,-0.015281075740567904,-0.022070626603219838,0.035913755734219455,0.21138958450592193,0.059952313868231605,0.15765124460654842,0.08355430040590975,0.060957202212372524,0.02575862810546763,-0.09920086097639544,0.033231086774328185,-0.07723054345996871
q39_337998,38,What type of instruments predominate in the song?,Instrumentation,Low,percettiva,A,A,True,0.5132352941176472,0.4867647058823529,0.5246769861325055,3.033437523289095,1.9044710878142055,0.933305828530125,0.2487580285545078,0.6091499097925306,0.9782188752506198,0.3180141411399181,,0.03350664869179136,0.05310613234102304,0.0,0.050848375239798634,0.35321085865171525,1.717339208959991,-0.13795947878899883,-1.2121438067482821,0.12302495868177259,0.30959248293962127,0.00851823569964574,0.3836009881005207,0.04444019390618563,-0.013215786072054106,0.03688931255579569,0.03464188598517687,-0.034086373484596186,-0.19123362050122855,-0.029518425182185667,0.059764977377602155,-0.006357371908525512,0.0670604639116755,0.10584749828641543,-0.04106148194878334
q3_1204663,2,What type of beat do you hear in the drums?,Metre and Rhythm,Low,percettiva,A,A,True,0.5675512665862485,0.43244873341375156,0.6159965156606488,1.8532038528308439,1.6582765701850897,1.9802641703097916,-0.1017688305390087,1.7190776683195539,0.9233965062421043,1.9717677484757936,,0.024912459734633203,0.6180969125694876,0.028996393195127458,0.2609929101452276,0.20320498963105943,0.9070509378604837,-0.3588826730998288,-0.06706309225564493,0.13995553940165514,-0.14231241774185305,-0.032011919461242946,0.3793772797074192,-0.062296870632138894,0.2998346162008214,-0.0281146254314098,0.41496859762233407,0.04089239075325332,0.21733899256071426,-0.060776386115313955,0.0,-0.019569604264367227,0.39736453211672595,-0.07984735478944432,0.15250606785339224
q40_457120,39,The piano introduction features a typical accompaniment style from a specific country. Which country is it?,Genre and Style,Medium,knowledge,A,A,True,0.4735883424408014,0.5264116575591986,0.5383960840749704,0.8335866880062468,1.8135511956030963,0.7107088091398813,-0.01967003878364454,-0.03352832961962632,1.228875980888847,0.5231024776265731,,0.0,0.13964522356079906,0.18300739180718656,0.2603839556325112,0.07635563083847641,-0.020609719980774474,-0.2790330614293075,-0.4129477888321621,0.059328238667249844,-0.18536202318183245,0.04552891169829918,0.42178979483364626,-0.12206902076195436,-0.23454823698054725,0.00869800690522183,-0.055988988548582655,-0.045484702636499084,-0.14790962042365657,-0.059762165142545884,-0.055347514754173446,-0.06958797942103569,-0.26819537754295414,0.1636786719076197,0.492033636978474
q41_457120,40,The guitar is a typical accompaniment from a specific country. Which country is it?,Instrumentation,Medium,percettiva,B,A,False,0.6282495667244367,0.37175043327556323,0.5972703098461561,0.7492887547356961,1.179978702247175,1.217146533897351,0.055969189751876036,0.3336334231263143,-0.1731773042739929,0.7441298160882152,,0.0,0.13773924674958862,0.08690908047218071,0.39718377672430555,0.23971066932683538,-0.2078276658046909,-0.27065056004714005,0.0065380654571109975,-0.008102244123441696,-0.2635792610597437,0.08925674898736796,0.36283049587898,0.015299357169848801,-0.12652331704221553,-0.016526239996890714,-0.034278991574819756,-0.004834337634191492,-0.14757406005378143,0.04864480406789052,0.0,-0.09985182706395308,-0.1176896391148724,0.032082928345245766,0.6604481960927672
q42_457120,41,What is the singer pursuing with her tone?,Mood and Expression,Low,knowledge,A,A,True,0.55,0.45,0.1769505520909743,2.381570032784512,1.2984104006692099,1.0194418908025877,0.1523253518238515,1.080070094405667,1.205857620438156,0.6384188302925338,,0.0,0.12121028939972243,0.15608533486985451,0.0023501488293801998,0.00855261708755839,-0.6507499691894225,-0.012312600133561391,1.6072596253659868,0.08511068893313183,-0.05854067888999082,0.014753606725344481,-0.029556065116940256,-0.08436156808091273,0.1779873146323223,0.018233506827161648,0.0,-0.04367486313177006,-0.1092225824544745,0.01379258982184313,0.3845682144602464,0.04938166163597796,0.5694972591610834,0.09908972909307526,0.1453366326134204
q43_1235672,42,How would you define the harmonic rhythm of this tune?,Harmony,Medium,analitica,A,A,True,0.13345521023765997,0.86654478976234,0.5511613638512147,0.8335628955060463,3.998050224466752,0.8062783396364482,-0.28158753055037344,0.639901298146121,1.5959909123405653,0.5925040612325606,,-0.07291542597310091,0.4075532845324662,0.11083748728838355,-0.09683079867996273,0.023949429362037096,0.04381077641920709,-0.3434590212276932,0.2853680358744104,0.0941537803960478,-0.15801263521155912,-0.07622879142997097,0.16153545036287492,-0.0855230760530865,0.19146139592364048,0.0,0.14465434821801515,-0.08981506859006153,0.12838039239366303,-0.0392866585912494,0.08589751428474084,-0.05191571416792682,0.06575022435716238,-0.032972002114126,0.020234607817583287
q44_1235672,43,How could you call the section after the second verse?,Structure,Medium,analitica,A,A,True,0.24824561403508777,0.7517543859649123,0.3888645983233631,0.5929436454132782,3.2666934215825667,0.8176243936344411,-0.1845897624093789,-0.11377808390417687,1.5622660440147342,-0.6107820009742003,,0.03363873485302285,0.02592937351334748,0.052419536972436336,-0.05554242666938765,0.016079146131532912,0.21365340724120319,-0.286727180366371,-0.2978184379893399,0.12015495212927096,0.0772508850384501,-0.0500051898404839,0.011164733660240567,-0.05398474755398321,0.09283364388216778,-0.05375244830857484,0.08106492427473293,0.01175135000601997,-0.052195315763954246,-0.08685958867521694,-0.11027888156069554,-0.03971929199737831,-0.07055065233086787,-0.032174798169032605,-0.1430674211042506
q45_1235672,44,In what decade could this song be created?,Historical and Cultural Context,Low,knowledge,A,A,True,0.346483704974271,0.6535162950257289,0.45318391664506924,1.7143565303318737,3.01706720123213,1.399322814261579,-0.33998683638968863,0.4168090359540466,3.01706720123213,1.0943513460773953,,-0.09524223782759247,-0.529941508068917,0.004461692846697819,-0.11883223911999653,0.05213684728099251,0.09637242432097515,-0.30134313868978646,0.969210358821985,-0.07371668925682862,-0.1766530759471285,-0.12991585521507176,-0.0631927902768322,-0.03499644547585158,0.019784118570586068,-0.07199351660058835,0.43414575366164854,0.0,0.0,-0.037117284546993735,0.21782783866255362,0.02203752014556545,-0.04795595432602256,-0.014284565439919981,0.0328531456092416
q46_510027,45,What level of musicianship is required for a synth bass player to perform this song?,Performance,Medium,analitica,B,A,False,0.20127795527156545,0.7987220447284346,0.23085270359528626,0.3055065790007605,1.4836343828324556,0.5365799386726184,0.2177174552077183,0.17558012823218133,0.17096432970063094,0.3518561933715224,,0.09550107252143468,-0.0649632253842896,0.03615960488354244,0.04304765504278668,0.09262440199652518,0.03377229042731085,-0.006567624193783973,0.1637234081463734,0.14952077750545034,-0.07798076974389946,-0.019367897470697917,0.03398339892030504,0.03119455648008275,0.0006773349435753237,0.0430311769438002,0.0,0.0064613368258785685,0.031602814580883834,0.021320902001076055,0.028488162466079332,-0.10464141173041085,0.06983697828174783,0.09019801465253917,0.08897220878348942
q47_510027,46,What is the intention behind adding new voices in the last section?,Musical Texture,Low,percettiva,D,A,False,0.26078028747433263,0.7392197125256674,0.33550607863103965,0.25503266243883005,2.0666110862101283,0.8960089736933888,-0.21104159597585642,-0.1348598080841779,0.4174911027495702,-0.26669648838770965,,0.026519551068578687,-0.19309537207581046,0.03571269025901293,-0.0018508631856935173,-0.02082942237522438,0.04705187756950166,-0.25244441492822367,0.013034549607824422,0.15983889933497714,-0.20737570498581792,-0.026713235480242237,-0.04401364075399264,-0.07983371309861004,-0.028301029679754904,-0.05906789007666257,-0.0045319037968636,-0.010585089778945416,-0.04770156354481224,-0.018408983708345154,0.03591638758314267,-0.0724556852424576,-0.04400975750192777,-0.10381589792557061,0.20515740459584852
q48_510027,47,Does this song have a differentiated chorus section?,Structure,Medium,analitica,B,A,False,0.2246753246753247,0.7753246753246754,0.42723952638474677,0.522544436336546,1.9509105463979832,0.5430997009767138,-0.02273520922259531,-0.522544436336546,0.4503804142796617,-0.1414164478844538,,0.05151956745462971,-0.07122897425365626,0.057934009700410204,-0.08776021509610327,0.09279858142603581,-0.021809977917985737,-0.22498736780367104,-0.34174526906880076,-0.003307081253359684,-0.42717582653307457,0.0,-0.10963925122963525,0.0,-0.05056141884989252,-0.0044239337901099424,-0.006746897592536978,-0.04093240026937359,-0.08776809181434989,-0.07089217813344775,0.13522095233576972,0.045132419336363055,-0.015563023712301338,0.051687964887332606,0.03968912105947477
q49_1149194,48,What is the most obvious digital music techniques used in this tune?,Sound Texture,Low,percettiva,A,A,True,0.5496183206106869,0.45038167938931295,0.40593423685289604,1.8256801100856332,2.190505274990193,1.297769203106537,-0.40593423685289604,1.1766484902110146,-0.23418530824293032,0.3645562674974025,,-0.15402586291507125,0.032801083738216594,-0.024788658437322877,-0.0553666234748706,-0.20612023234801086,-0.2691491864624387,-0.02099948315249107,1.4683632164101073,0.024184562348023377,0.37643766055985234,-0.019019179538330416,0.3224377806971981,-0.07627041310554025,-0.09249796151399857,-0.020221420570346923,0.13061963976980723,-0.06045132446808781,0.03193543115180372,-0.09217950369552072,0.1292464134223259,-0.0703133661352447,0.044984870728777965,-0.09166359168784863,0.23348465539524788
q4_196219,3,What kind of accompaniment best defines the beginning of the song?,Musical Texture,Medium,percettiva,A,A,True,0.500909090909091,0.49909090909090903,0.3263296754981272,1.018198686713015,2.492316760515626,1.1243701245630269,0.20725053503720703,0.7525544963644644,2.492316760515626,0.7524964812150757,,-0.0066618041574310356,-0.0006893839991298847,0.15917531542006227,-0.11514704431675296,0.10761478984760484,0.8853765915387397,-0.05287776607302909,-0.01698566685839254,0.1175198052739659,0.4891711176109805,0.025357821562820827,0.29582609722474723,0.09586565303744814,0.2844663867187119,0.01201520718206406,0.11137084418157694,0.022214755148480623,-0.16103622698705627,-0.10829487060871554,0.08301386543226047,-0.009223246227043692,-0.18947004435411136,0.0517954096681867,-0.16078754346264518
q50_1149194,49,Where would you imagine this song being played?,Functional Context,Low,unknown,A,A,True,0.6164383561643836,0.3835616438356164,0.4654157851265694,1.5283441100808028,1.050874676408906,2.6211179234846274,-0.4495339661476986,-0.1823877707277181,0.6436234710319216,2.6211179234846274,,-0.06013695912146991,0.6729781696765424,0.007940909489435401,-0.3478163109986112,-0.17551939430316682,-0.1872654999585826,-0.22181852221249726,-0.32028412944706675,-0.03833043979095364,-0.050208252436206136,0.0,0.3114639072925522,-0.06828901655425597,-0.1658616548314346,-0.0356177730801146,-0.013548214108417847,-0.10600765933209137,-0.5222405137142885,-0.10979672230699514,-0.2790479469712916,-0.041788610859729264,0.11541386690389197,-0.04970374422355858,0.42164103713747664
q51_1149194,50,What would you expect a professional jazz musician to say about this tune?,Mood and Expression,Low,knowledge,B,A,False,0.29018612521150594,0.7098138747884941,0.41095056292342236,0.5749256920138583,3.341759289363412,0.7104469221805414,-0.110116143093556,0.5158559361090959,2.455506012507488,-0.14851817887392849,,-0.08124724438061875,0.09936497183915668,0.008691598717385889,-0.02953487795238124,0.14172561119754729,0.22179486580666558,-0.17928610862787042,0.22423097641565481,0.07602413120967952,-0.03591751694645388,-0.010984128455231085,0.10288274076863002,0.0,0.031176494646635817,0.0,0.12710707961091305,-0.06980618163133062,0.16082649325424736,-0.06608563818327276,0.1096243077433823,-0.06633628707469935,0.049691214984122385,0.02707196104129832,-0.02953487795238124
q52_1107251,51,How would you describe the electric guitar motif?,Melody,Low,analitica,A,A,True,0.21682464454976308,0.783175355450237,0.5126509324563489,0.5104219680978027,2.394936349725287,1.6008497086088658,-0.09276664884788116,0.09430891126070118,0.1692633914936933,0.6741843795972943,,0.017177886454753682,0.13303353443502208,0.024627716077426188,-0.06232292134559165,0.16813653927205402,-0.14573360707295913,-0.30270879065211503,0.16933190524422986,0.1159126766418891,0.17872061298207786,0.09025351475622105,0.12669528788723872,0.04863425526079168,0.0621050318388402,-0.07022504856535819,-0.1075964348268497,-0.05464604614574228,0.0,-0.10798264232575552,-0.043593136787481446,-0.10767387612403065,-0.18024196889411365,-0.007039482345896304,0.0582195190609892
q53_1107251,52,Does this tune explore any themes other than love?,Lyrics,Low,unknown,A,A,True,0.5511450381679389,0.4488549618320611,0.552893676943175,0.8969217221006279,2.733767211278563,3.3257610885596236,-0.2599541478296683,-0.53990073061557,2.052514972905976,2.6950500184164508,,-0.14263263990515235,-0.3059166599974807,0.0,-0.1997143264696043,0.14646976455675337,-0.21278023989101402,-0.2637912724812693,0.17851049574252897,-0.17995098152907496,-0.23001002426118783,0.08163037652265273,0.21522441158932434,-0.06141103427636298,-0.07443655884082938,0.029151012044589038,0.22538351564850312,0.02364393674534047,0.26903737489222973,-0.22683679939666787,-1.558358865045864,0.1398336077385795,0.37206259442204076,-0.06601426567872426,0.2411968209802133
q54_1107251,53,What level of humor does this song display?,Mood and Expression,Low,knowledge,A,A,True,0.5711252653927813,0.42887473460721864,0.46930576799320745,1.4108938448301833,2.9577267684371287,1.5779591758417038,0.06905975691136446,1.4108938448301833,2.9577267684371287,1.5503382071336205,,-0.03253937721972242,0.15509004250813305,0.0,0.0,0.26918276245228595,0.4320474311971696,-0.16758362832119908,0.8237563711248805,-0.13160012251363618,0.0,0.09677013364814976,0.2060840844979155,0.006546825076686698,0.198021759686499,0.027022421365512164,0.20676268182041543,0.0356874540319243,0.18067875659605043,0.03378270832629422,0.49139370519750253,0.07196520933177028,-0.1076306760863624,-0.0711148723553368,0.2355835331181627
q55_189585,54,What is the harmonic interval between the voices in the first two notes of the verse?,Harmony,High,analitica,C,A,False,0.32268722466960353,0.6773127753303965,0.3595091562876342,0.7412793183912324,2.2627600706198976,0.5837415562281014,-0.25587451619651863,0.13569678711181898,-0.32857186910185565,0.4543385987437,,0.04107182667257289,0.04272600819422838,0.010745493372984874,0.0,-0.009109573928805353,-0.3027912656397067,-0.29858226231327106,0.3957620445572973,0.024116075271497797,-0.043943453202622954,-0.009490411693388115,0.020096325487753443,-0.07498112986259851,0.051348856253922444,0.0,0.01824272406686113,-0.047631271184285,0.03524691092448767,-0.10155381763068014,0.025735732327500274,-0.06963690970925178,0.046023134423477,0.02330294861218709,-0.017053443169560045
q56_189585,55,What harmonic technique is used during the chorus?,Harmony,High,analitica,A,A,True,0.11270491803278687,0.8872950819672132,0.3045247978890737,1.350855584229393,3.619270430303759,0.7288154349701512,-0.0673785908608231,0.6674423448872755,0.6788539837375585,0.49966074096660285,,0.09125517654775359,0.4034534008168369,0.027317926966371742,0.04474443584454331,-0.024622359526565482,0.5609511278969541,-0.16132933484838294,-0.3417066196710588,-0.09977372047305107,0.10060673893212557,0.06609445045503656,0.0567525929684412,-0.09789472808091854,0.1161877912385545,-0.06286614445186746,0.04286818389758968,-0.010286042544464344,0.07033609724686357,0.0,0.04565793914895292,-0.0191425940030058,-0.012392889707025775,0.15649018823744754,0.24742589116177377
q57_189585,56,Which guitar comping style can we here in the tune?,Genre and Style,Low,knowledge,A,A,True,0.7066167290886393,0.2933832709113608,0.9205170587983011,3.104392331872803,0.8972672813676685,3.7944892442305553,0.07959316086882678,2.8783302995561186,-0.4118198618283392,1.893463050716238,,0.42088224872579394,2.378587795229247,0.07917286110776998,-0.06740661691088005,-0.16436812351459176,0.612773520485214,-0.2560938254501454,-0.04562439924746185,0.10336062000964569,0.49279952591557935,-0.03537624886505894,0.05889551958885293,-0.012241517351236318,0.14430824703855016,0.04818939018003561,0.48601081116371914,0.04889345976453614,0.27092147370653963,0.023616853106903132,0.27691431138893174,-0.015986334131966887,0.7929743901544336,-0.08086306184403168,0.3555060205995127
q58_170946,57,Which country does this tune remind you of?,Historical and Cultural Context,Low,knowledge,D,A,False,0.48538011695906436,0.5146198830409358,0.375527866370536,1.2871217702347486,2.1679622234150866,1.1472771227166085,-0.3419239268799142,-0.437800553415048,1.7033593031444425,-0.6490680739390363,,-0.095782535120055,0.32458541191695306,-0.015312420968673093,0.10007519649289726,-0.24763094053649698,-0.8624611618248983,0.01680196974531092,0.0,0.10163753499404675,-0.04624383002867897,-0.13232264983747632,-0.096700261221028,-0.08502541673775763,-0.045970978144981925,-0.06869984181145947,-0.010419738665688794,-0.05351841970849995,0.07211424272302305,-0.038412710003301355,-0.13985680741304402,-0.02315649482065147,-0.08264667138996006,-0.042425928954814715,-0.08807650927468924
q59_170946,58,What effect do the brushes have on the song?,Sound Texture,Low,percettiva,A,A,True,0.15299999999999997,0.847,0.5219921359117001,1.201547761644679,1.930618713646647,1.8110218672321363,0.34866122415411605,0.9277423993961269,1.5166796815523833,1.687409940710315,,-0.08666545587879201,-0.13690268112427614,0.23651674083719154,0.16066259483205664,0.19880993919571652,0.9039824856883464,0.0,0.0,0.09815612953237847,0.17292092013854898,0.006643075118137214,0.07396296273363362,-0.0016377894865267223,0.0639530097371354,0.09454313503553238,0.28053026972675954,-0.0008000099778396642,0.1245425501284168,0.0399409046787684,0.08055724291099836,0.04012621090323451,0.05464010029736646,0.07168956835043144,0.07663534372326775
q5_196219,4,What type of articulation best defines the melody of this song?,Performance,Low,analitica,A,A,True,0.3973509933774835,0.6026490066225165,0.38768992244828254,2.2790541474193233,2.439506103657784,1.8231193795348415,0.2801923582576528,1.305990419547904,1.8139140625371857,0.5584863019139064,,-0.028908208045360498,0.01039495461943947,0.12175623176636073,-0.48653186393570963,0.21218490858660694,1.6822490738864198,-0.024840574049954357,0.0998782549777543,0.0521516234413583,0.09781665575919796,-0.021457175050462133,0.0,0.06895091621757826,0.053473375770465494,-0.002402548884065995,0.03083116547972649,0.10428385657145724,0.33496826792945805,-0.0753867076120231,0.2878518767733612,0.08278321898789091,0.3504569835408361,0.07126917458591936,0.15059209429485854
q60_170946,59,Which instrumentalist do you think is the leader of the band?,Instrumentation,Low,percettiva,A,A,True,0.47950310559006215,0.5204968944099378,1.0416568245467028,4.2531665565380665,2.279866954484151,2.204216792672751,1.0416568245467028,3.177361188644635,1.5457853737719285,1.9078900131253784,,0.3350013876094171,0.8337989423701095,0.2776880408170932,-0.44518891580923414,0.4289673961201925,2.8814649302212416,0.0,-0.09271376813748188,0.07604256029448495,0.0016645036332845198,0.17459820905815196,0.4448591660817915,0.28937276895478575,0.9556711291761718,0.21646156209889006,1.1709017192887472,0.18438694759041002,0.4158878054053171,0.0,0.15610182118395916,0.10079477654998012,0.03227504387536334,0.0,0.0
q61_1278743,60,What music genre does the introduction remind you of?,Genre and Style,Medium,knowledge,C,A,False,0.47477064220183485,0.5252293577981652,0.3465994013311232,0.7846728330339217,1.7999095169448434,1.6294995993054333,-0.036404140659527434,0.3983315445355186,1.7087412504347703,1.5174820165162708,,0.1550976303357979,-0.02713527997785878,-0.021155206928630238,0.07378236762886697,-0.004990022697090719,0.5177198211558531,-0.16535654136960437,-0.16603536427134274,0.01312249279156661,-0.032054267532795305,0.07758784823430534,0.4089415756586986,0.02791026196650019,0.1289512031452627,-0.0257943454977966,-0.062299980398010005,-0.0041344382415011115,-0.052742064840034665,-0.037833402168471586,0.02848671562727318,0.005302613192343347,-0.018399836691126287,-0.09256517093647362,-0.002551800433749682
q62_1278743,61,How much fusion between genres and countries is there in this song?,Genre and Style,Low,knowledge,A,A,True,0.19670050761421326,0.8032994923857868,0.6474706831618373,0.39133739527202654,3.3065181529958134,1.019714174732261,-0.1962439458602698,0.34008555917157496,3.213806462200654,0.45928401807916774,,-0.09726190843594706,0.19312087633333638,0.0,0.15993563550079884,0.2256133686507837,0.012654965387665557,-0.32459540607510645,-0.025625918050225807,0.05508888685218455,-0.19086740979012884,0.02765924868497434,0.045441883999910164,0.021081695976345616,0.1299384503286746,-0.06562877067032868,0.13431823596478953,-0.039077810480958666,0.02243854363976497,-0.10697876501101752,-0.10465293106158613,-0.007216480598676425,0.08360517595526265,-0.08117195061279306,0.21986361013488803
q63_1278743,62,What effect introduces the kick in the song?,Sound Texture,Low,percettiva,B,A,False,0.5293609671848014,0.4706390328151986,0.9858498055630326,3.934536030266415,2.5373146460880953,1.014250306576787,-0.08742102806055116,0.6095858870522943,-0.2964809889722184,-0.0006172106799013366,,-0.34139538931337343,-1.000934403701719,-0.06262126505092638,-0.14617666814961994,0.4492143887512407,2.2720609586593548,-0.13261876244749207,-0.5153639997557216,0.1814184384691878,0.7136247446281769,0.04331645367024727,0.13426839683250447,-0.05383271094736505,0.08557208928812543,-0.07497391336225159,-0.06609566481226992,-0.07181842798106045,0.02981110226557246,0.036435076164174504,0.03701905285974583,-0.00246776097348023,-0.002538385226962675,-0.14549818310000343,-0.32207544878259825
q64_261271,63,What surprises you about the harmony in this song?,Harmony,High,analitica,B,A,False,0.3137755102040817,0.6862244897959184,0.16006983991197138,0.47695182574724904,2.0666951471503316,0.5976802901440017,-0.08427410383475253,0.2885826837898492,1.4188436138837826,-0.09993884473759804,,-0.06321075229536033,0.05206126776686639,0.037897868038609415,0.05494861085795095,-0.023862838043853744,-0.09418457097869992,-0.03509838153414788,0.27575737614373175,-0.020434398567322164,-0.06302838183932707,0.03700009531189621,-0.08070102829019335,0.0,0.0,0.0030654809357012827,0.028188453421182057,0.011557743126031007,-0.05965773855240556,0.06065484417317172,0.09135092177560748,-0.09157848683148177,0.12897598338859811,-0.08453938198274881,0.24345447388638747
q65_261271,64,Which music genre does the introduction remind you of?,Genre and Style,Low,knowledge,D,A,False,0.5674486803519062,0.4325513196480938,0.441815090361266,0.584263848747218,1.7480861052910017,0.6987212748003546,-0.08203495200050859,0.36614360167342497,1.41859160997021,-0.39089913092737794,,0.002056892641043251,-0.04916484675093319,-0.07585457563963444,-0.021138794788418,0.17783317653933542,0.47520372521032156,-0.18607044554125282,-0.03875648199754539,0.032431813591301095,0.26134637128127447,0.04041758634044037,0.24514232409294823,0.025443872147690467,0.009122865991130269,0.0028961502919884925,-0.07462621926824153,-0.06596934369954519,-0.14187958507631573,-0.05210903019763065,-0.044511979970961214,-0.006291069623904917,0.0873617974584411,-0.05885493085084828,0.024188027165149423
q66_261271,65,What could this music be used for?,Functional Context,Low,unknown,A,A,True,0.4303675048355899,0.5696324951644101,0.5761833605399558,1.8771076635601824,4.9681414810854365,0.9760223296310645,-0.012202484256441659,1.8771076635601824,4.614232554841457,0.9599257713375652,,-0.02477990010989988,0.0336302496898136,0.28199043814175706,0.004879626726641505,-0.021201528743776114,1.1480700145340528,-0.2482114935445227,0.6905277726096746,-0.02477990010989988,0.39154892067195624,-0.04363512422268838,0.2929410594783777,-0.026817638345413536,0.24190375142869183,0.004272291212446537,0.23141520496960744,0.09105553862246824,0.09404689277557998,-0.10747685974207302,0.1398060624064116,-0.005512066098898427,0.16411590152253183,0.10069127442761677,0.32132987030702587
q67_1051201,66,What are your thoughts on the piano bass voice of the outro?,Mood and Expression,Low,knowledge,B,A,False,0.42105263157894735,0.5789473684210527,0.7888815662571479,0.5532201840482902,0.9620717495545538,0.7983177340513344,0.681295988723389,0.2505989045152411,0.11304912059360395,-0.1247558811237157,,0.07181688006462464,0.06945512805634793,0.14257849787918395,0.05249768405711099,0.5206933995464599,-0.15131063976652454,-0.05379278876687943,0.2799567321683067,0.23232964276344228,0.03058550893659022,0.17093643406014591,-0.10623237867254409,0.0147359036670371,0.010877369355732254,0.061075105111544854,0.1935442466807888,0.06407429308946616,-0.026194103616093273,0.11034696672001308,0.12883283933803844,0.014200918509845598,0.06467100280993586,0.013596724801894057,-0.045485580317207154
q68_1051201,67,What feeling does the music aim to create?,Mood and Expression,Low,knowledge,D,A,False,0.7512350035285815,0.24876499647141848,0.5998294772560258,1.6467171497407476,1.6318343399491044,1.5879489472241788,0.4943555983435812,1.5605181544835856,-1.0087833296048463,1.2479824316696329,,0.08452784258567556,-0.003952411116573587,-0.03224655912623508,-0.03914708651200753,-0.020490380329987214,0.1609565310354948,0.46256469521412796,1.4426611210766718,-0.015330710174368555,-0.12976690202384192,0.015896400581380782,-0.1734948696854943,-0.061837946875229366,-0.6758527535200349,0.089958740233059,0.693008584787154,0.3476469934255622,2.4612537571141386,0.12840075939498594,0.19820698078933108,0.06294121272358968,-0.042071339004165,-0.07331985096539849,-0.7707653039735023
q69_1051201,68,What level of musicianship do the instrumentalists display in this song?,Performance,Low,analitica,C,A,False,0.22455752212389377,0.7754424778761061,0.4463984807396474,1.4200259789587175,1.5684109795466545,0.6088475254360577,-0.178552659800778,0.2610528399655453,0.9621719295304028,-0.21705161030615028,,0.013413250320915617,0.0,-0.00427628219071912,0.10827306189852604,0.12050966014851909,0.7322663475636053,-0.3081992880794936,-0.5794865694965861,-0.022188567039851944,0.11197251205896358,-0.0108440243672986,0.019532758297038454,-0.03055134950176586,-0.10713693265019943,0.0003856647834851665,-0.0051981871114548245,0.024089242885892374,0.05057333196418805,-0.030979139208226522,0.05848786138064519,-0.03075029453909501,0.0657547226997067,-0.0777141928139176,0.06706677332665748
q6_196219,5,What level of ornamentation is present in the melody?,Melody,Medium,analitica,A,A,True,0.27272727272727276,0.7272727272727272,0.2544371320584317,0.4972443338820278,2.0706844729321547,1.4894880064105585,0.09172755179139486,0.37093545847305,-0.6394763135539655,0.13630851015036347,,-0.017771369582880437,0.014958445761571354,0.14918703801622635,-0.06315443770448889,0.023895303908686938,0.39437640614919434,-0.06358342055063798,0.02475504426677319,0.0481447756299953,0.09307516819323615,-0.016538672233782387,0.09085354282038911,0.07981204029610744,0.1712360172888996,-0.01792157061856576,0.12106879407643267,0.03974404245011732,-0.03721170722707315,-0.11167566108530194,0.04782909841729048,0.0,-0.16360333295453275,0.0701625973528249,0.047687877858407834
q70_1247308,69,What stands out when you listen the beginning of this song?,Metre and Rhythm,Low,percettiva,B,A,False,0.4933862433862434,0.5066137566137565,0.3131256314354794,0.6104340770065004,2.777243117859545,0.581760744295155,0.21248239519683815,0.5408220336863907,2.570626329427743,-0.1403995724586444,,-0.04058239329903513,0.017027954637708943,0.16527103207697363,0.3887927398840039,0.09753298123918512,0.16980736082473266,-0.009739224820285495,-0.034806021660054906,-0.015259836103814144,0.10320370933057733,0.019928875129005045,0.03467293641345098,0.032636748467516165,0.09582084403998836,0.06736028588195692,0.07274016830215478,0.03128175785984968,0.08614733397878493,0.019152495761279198,-0.06310099560386156,0.014166021574757666,0.07169014704015624,0.04321604662628759,0.13964789018513957
q71_1247308,70,What harmonic interval does the electric guitar use during its solo?,Harmony,Medium,analitica,B,A,False,0.13793103448275865,0.8620689655172414,0.4268687759103247,0.7615192343274187,2.9475936050670413,0.780628034305209,0.4268687759103247,0.4087583591725443,2.777616167228784,0.2817827851158584,,0.1689242361384306,-0.15654642658064694,0.07755950772680478,0.04285181309870237,0.18038503204508932,0.5422869836512791,0.0,-0.01983401099679028,0.1573975227912908,0.08970188472230761,0.013272839846135179,0.028576546574257986,0.026757148393835216,-0.033202639200922174,0.0,0.17491735692781232,0.09375877770499885,0.03058177856249579,0.03105064949751197,0.0457733103366676,0.024200343893633264,0.02019189684146677,0.08043149378291943,0.05221822440845844
q72_1247308,71,What is the longest section of the tune?,Structure,Medium,analitica,C,A,False,0.15604026845637584,0.8439597315436241,0.4697866385281169,0.8532137014703308,1.7383529820081334,1.092935439272103,0.09033664168252892,-0.06277788623819014,0.3399093413920813,-0.604515346419744,,0.24522857591975517,-0.35777267674229657,0.03483306418556777,-0.1002231171119639,-0.189724998422794,0.39521790761607034,0.0,0.0,0.027786048445631067,0.008003371456025983,0.002225747430391365,0.08298823606526376,0.011248571530570163,-0.01808948244306162,0.027164259907257148,-0.10620675200983104,-0.0014196279619301602,-0.08436106220270219,-0.0044901903475578,0.006126384456384408,0.0,0.017104001623218613,0.027821832678167173,0.03165741681651199
q73_26738,72,Which instrument plays the lead sounds in the intro?,Instrumentation,Low,percettiva,A,A,True,0.539198606271777,0.460801393728223,0.2973544322347856,0.8461807244631716,1.1952858200726268,1.9475085331841377,0.11989671236602623,0.5356464623774093,0.8969132263060227,1.6905199665140627,,0.039102372306039045,-0.0641312097404017,0.0932240371451371,0.523017255321398,0.07629916284922976,-0.09113592130247938,-0.08872885993437968,0.16789633809889248,-0.09362417416323379,0.04280302826984457,0.022915514125713084,0.0964185156880156,0.026221673483720113,0.1864558523845995,0.0008483729739459274,0.1014706235431165,0.03990253402110525,0.13461669481873006,0.025124651431054877,0.07882550044021275,-0.008659200486038821,0.05811645364441117,0.1071673409797596,-0.1630602064115208
q74_26738,73,What type of synths are firstly introduced in the intro?,Instrumentation,Medium,percettiva,B,A,False,0.5114503816793893,0.4885496183206107,0.3119539547733292,1.7849010760956574,2.4622225919906917,2.492190393078306,0.15639423976459124,1.2348769363433092,0.6058362134892266,0.4913499815607416,,0.025262103787776363,0.0,-0.07777985750436898,-0.27501206987617416,0.03606458916204213,0.48859160371054505,0.17284740431914172,1.0212974025089383,0.058153096914480125,0.7586393522439187,0.013882001140147402,0.16537210756951956,-0.02506456386620415,-0.0737360395935226,0.03141176411543219,0.03206020890192414,0.024055112767549767,0.0,0.009609365998295413,0.12104778570936,0.019085358907114148,0.0935323634415907,0.025262103787776363,0.13796115807051879
q75_26738,74,What type of choral music does the intro remind you of?,Genre and Style,Low,knowledge,A,A,True,0.4238826815642458,0.5761173184357541,0.15667120726716946,1.0372545987793156,4.113564855980135,1.9409002478104938,0.06139936699402784,0.20301627531164085,1.0928915198753504,1.6276125627901668,,0.0405953027857574,0.0,-0.020745769983511558,-0.34015261547241066,0.06843998434484125,-0.07696654626142674,-0.02689015015305925,0.6201354370454782,-0.08365100346229147,0.09464110943473045,0.028920493068580626,0.1370394367705891,0.008674007492818861,-0.011672777615932994,-0.013136504528628912,-0.03901744548122596,0.02572527177889684,0.024328566482354985,0.003949531825881989,0.08060282025087351,-0.022457722323816744,-0.0011926467492764173,0.11337529314258667,-0.08171278778047177
q76_1087890,75,Which guitar technique is used at the beginning of the song?,Performance,Low,analitica,A,A,True,0.2802450229709035,0.7197549770290965,0.4578544246319008,1.0685988086499534,3.0749753215156055,1.335811060524494,0.39801047146364804,0.9506227558609923,0.294671899242785,0.7852022306356907,,0.024003945158988925,0.6116245101544214,0.04534156854441052,-0.05898802639448056,0.35858693434437494,0.36321082867549287,-0.0299219765841264,0.03477544342555855,0.051740036056353564,0.1375855089183222,0.05869086762403481,0.2344751100867114,0.01958115493710122,0.293548113641218,0.05985528655286869,0.04106240488405582,0.05649796349025532,-0.05898802639448056,0.030819419255249503,0.12028928250293157,0.020665496585602888,-0.01975273412046394,0.100160246962182,0.20240309634269776
q77_1087890,76,What kind of instruments are used during the song?,Instrumentation,Low,percettiva,A,A,True,0.5354058721934369,0.464594127806563,0.7369922636376224,1.1644731793733922,2.0348324743228208,1.9323811896834233,0.12366944685584447,0.3863846490060027,-1.7574671391873937,1.4216710775358727,,0.01495755628821771,0.6542098187430163,0.04359769728304898,0.0,0.37177560167546675,-0.38904426518369467,-0.30666140839088896,0.12121909544668108,0.2959010037318532,0.002316395121845158,-0.007524127234804473,0.16146152189321078,0.0,0.0533249844829843,-0.03530702211155809,0.08481268416801391,-0.020297419500252593,-0.02784038090124448,-0.1002190304189534,0.032500066730906635,-0.027117398631556194,0.0022961431916391217,0.018233441021116042,0.07751323431864726
q78_1087890,77,What is the predominant tempo of the song?,Metre and Rhythm,Medium,percettiva,A,A,True,0.5986328125,0.4013671875,0.7357230433351536,0.5769897088486748,1.7286952825260722,1.5791593085436557,0.13690199816279325,0.4846321308410627,0.7468160848959352,1.1474918413541157,,-0.008151491146689227,0.39528053195276336,0.03112795194039455,0.0051272522110412215,0.4051845688085789,-0.04617878900380605,-0.29125903143949095,0.13040313568106424,0.3555478584857177,0.41664658329653814,-0.023961984335735077,0.07118423099736966,0.0,-0.030620755230816723,-0.037446595103994104,0.11119005884972531,-0.03523320505247486,-0.09727291622719444,-0.09518125519235111,0.09403132622116442,-0.012037572443424818,-0.04214861880681804,-0.014785248194944513,-0.03837777825890555
q79_467850,78,What kind of string instrument is heard at the beginning?,Instrumentation,Low,percettiva,D,A,False,0.8477891156462585,0.15221088435374147,0.6161147698200666,3.1421509456045325,1.2159174243957307,1.1444511379893936,0.32418825087070224,2.2660143970196893,0.7059181286267847,-0.11247996688091087,,-0.009658718970178982,-0.4380682742924219,-0.029639842579805876,0.0004854767373359062,0.47015151034538444,2.390877940744583,-0.10666469792469732,0.31271925383019217,0.15983443463868607,0.8466104584041145,0.12685031665924457,0.8644218227489086,0.09653177463322413,0.1935136038238523,0.05077870352994991,0.01905474685232212,-0.009311229989649936,-0.04793622980521116,-0.047431627530491766,0.18866979578131327,0.0,0.05706351041427943,-0.05306412107026071,0.14461668880010975
q7_171574,6,What type of beat do you hear in the drums?,Metre and Rhythm,Medium,percettiva,A,A,True,0.575354609929078,0.424645390070922,0.6132496768867423,1.930155729879159,2.170985098816526,1.92942196766577,-0.14182247049764213,1.069137825418783,-1.2985943960026698,1.1501187315984507,,-0.14235249558129978,1.1859821338059313,0.23571360319455004,-0.430508952230188,-0.23518357811089238,0.2631364308414716,0.0,0.05052821300156817,0.136052438926793,0.880601219286013,-0.03678519930743297,0.42458092859892627,-0.080304249808696,0.18696081432835723,0.0,0.0,-0.07281752800967053,-0.16023947186964238,-0.08142424049729043,-0.03141566523900147,0.005406151247248046,-0.15446751448746848,-0.011949843048593277,-0.07688248519840093
q80_467850,79,What genre does the song evoke?,Genre and Style,Low,knowledge,A,A,True,0.7234042553191491,0.276595744680851,0.6364814055646236,1.9762027752547326,0.8027788511796696,1.8789945071190686,-0.3015247675017614,1.9762027752547326,-0.5240808599845599,1.6889066855491328,,0.09305373146785245,0.2492697927547226,0.06481095449389346,0.03873888019371495,0.009613633069685226,0.5648672646532754,-0.4690030865331925,1.1233268376530197,0.01717945091668073,0.7029570636620186,-0.054384718520621426,-0.1356287482580167,-0.19405515421004227,0.1078417175620442,0.10528704217309168,0.6596100380620565,0.10857366568297225,0.5582437159434903,-0.1328186672128987,-0.10159252776140533,-0.14167099276620299,0.1280873243347292,-0.009635393564740677,0.05668419170981576
q81_467850,80,Which continent does the rhythm of the song remind you of?,Metre and Rhythm,Low,percettiva,A,A,True,0.3194070080862534,0.6805929919137467,0.9091410480872877,2.0317372045832367,3.0296978925550264,3.2121096653668864,-0.5862998959922952,0.2701830725664025,2.7119891903720754,2.691914011253526,,0.07408779947727709,0.37177468878510816,0.08733277657021916,0.1617772578958943,-0.004644497904801093,0.617408191893817,-0.7430759741349904,-0.8807770660084171,-0.10774055222326476,-0.20462985978600787,-0.0436725123325069,-0.19161491389378757,-0.19333155740087632,0.16151471674400322,0.033050555374578454,0.4594221384413785,0.06905391127647001,0.23440098693728906,-0.14190810773495963,-0.1032866752065266,-0.1787804128527489,-0.08562332066994639,-0.022971220098987194,0.0
q82_875005,81,What is the tempo of the intro?,Metre and Rhythm,Medium,percettiva,D,A,False,0.25423728813559326,0.7457627118644068,0.2088569356896367,0.8601561820691598,2.071178910589751,0.9200860714052882,-0.0672267518710896,0.8408217756164182,1.8184188349336559,0.3303810994196036,,0.021200351365020523,-0.009667203226370762,0.029437702279895617,0.020510478106219816,0.020177038264357423,0.6080988950015431,-0.13804184378036316,0.22187960573502608,0.009470203840055777,0.19435428977938485,0.0072610911949699515,0.0889100719692645,-0.00045023227350900197,0.08144064521841336,-0.038822217385092055,0.035608348682328844,-0.11127733373518982,0.10177376180685078,0.006255909657898997,0.12108353592027248,-0.003894589635458183,0.11612932055093811,0.06423041646523474,0.10152180168896521
q83_875005,82,How many chords are played in the intro?,Harmony,Medium,analitica,A,A,True,0.39618644067796605,0.6038135593220338,0.43753669013587315,0.8805164016056395,1.0311465335650825,0.9959306019868295,-0.35373732711658656,0.2222838350478034,1.0311465335650825,0.7819136855508502,,0.01781434406355049,-0.05282973794789718,0.024085337446092828,0.057849976473985376,-0.13625860730380046,-0.2762865453310208,-0.2593784013224294,0.49355014185273605,-0.0021275016159602762,0.3876827044571264,-0.011279572594966156,0.05715397493536128,-0.0450638663299554,-0.06273026926993695,-0.048371941755974875,-0.0599433188826881,-0.07160817318246601,-0.12413774526156977,-0.06386946720965755,0.1035108961970369,-0.08206734606315189,-0.04776249911518905,-0.02934945836445437,-0.03148990801233714
q84_875005,83,What kind of chord does the guitar play right at the beginning of the song?,Harmony,High,analitica,B,A,False,0.3241758241758242,0.6758241758241758,0.31519083318645313,0.13662005075678568,1.5815551664629346,0.8332729855704348,0.07820680853422289,0.011432957376777256,1.309091592877695,0.4962055789379609,,0.020650044732798082,-0.03526978241113809,0.005812749292121454,-0.017690338750796033,0.1702360268354185,-0.009633425528070089,-0.11849201232611513,0.07402650406678146,0.08824331947080458,0.015738980491195015,0.060071168766849474,-0.04058482164463965,-0.01062851819185151,-0.09049604276980257,0.028685023544474678,-0.01142385417710134,-0.041854459700012954,0.042571958667684415,0.008353342638074383,-0.06539502183034936,-0.020911989032093334,0.11261657969821713,-0.033751078962022396,0.048405178941573604
q85_1215807,84,What kind of accompaniment does the guitar play?,Musical Texture,Medium,percettiva,C,A,False,0.375,0.625,0.5849469099611933,0.42696162514829894,1.4874781234744412,0.9730013012606029,-0.37574441822550153,0.11309193697478974,-0.22992763177034162,-0.547032729990069,,0.023708883305856628,0.056938332978659786,0.08089236256198921,0.02299609141051567,-0.1250018036946222,-0.1569348440867546,-0.3553438603987252,0.19009235667236887,-0.004152432189799361,0.0,0.0,-0.02536518234597735,-0.14119387963248275,0.005664250269447689,-0.09543781820899104,0.06550907798784195,-0.10717613980360856,-0.007026088778074677,-0.03087528813052708,0.01916085682828418,0.023399546671889034,0.034909992726447646,-0.020308406931981788,0.02023903028682028
q86_1215807,85,What human sound does the lead instrument resemble in the introduction?,Sound Texture,Low,percettiva,A,A,True,0.3614775725593667,0.6385224274406333,0.39862574176294424,1.2751598747935062,1.8055046193583686,2.0107209402218187,0.13745606056396742,1.2751598747935062,1.1636002691910186,-0.2611377787290009,,-0.13058484059948844,0.12824924874325166,0.020714960341676785,0.009578892174063595,0.22741728895594754,0.890044794631791,0.019908651865831538,0.24728693924439984,0.08756152471197418,0.41000004294447784,0.026737607247525188,0.4754101548476615,0.044687790790084836,0.01814568010751813,-0.042407572259907864,0.0,-0.0592839471614224,0.04788677681594713,0.0,0.15429899821996548,0.04933425130954671,0.13948725531158046,0.03082640592616675,0.02993096654635542
q87_1215807,86,Which instrument creates a mood of excitement in the song?,Instrumentation,Medium,percettiva,B,A,False,0.31062124248497,0.6893787575150301,0.3119271914718362,2.6033372036932225,3.494552595235098,1.4900331096096233,0.27828211675844716,-1.4079799357244562,2.0946871961253266,-1.02377872103242,,-0.0168225373566945,0.5976786339843831,0.04927752975226446,-0.12437446973132733,0.058443569244771204,-1.5591744984348441,0.187383555118106,-0.32210960154266777,0.0365394982150439,-0.6589792193707444,0.1248775868915508,-0.03794447918482688,0.08038267501217135,-0.12528714604329227,-0.01778450418396432,-0.04595310377828517,0.0,-0.06160773682142487,0.0378069321599206,-0.07271078962114667,0.07029228562311565,-0.11606684348077895,-0.053832356959390835,-0.2894306174239568
q88_306166,87,What kind of chord does the guitar play right at the beginning of the song?,Harmony,Low,analitica,C,A,False,0.4672131147540984,0.5327868852459017,0.35463140077713895,0.8686293802531003,0.9933881717907203,0.3632233951511643,-0.13217235313388961,0.28819282407459407,0.4548886593419752,-0.09579763159189039,,0.0637540826984674,-0.0444104312124883,-0.09172190627844742,-0.2458078468767648,0.04747544112315725,0.5273598518785484,-0.15167997067706684,0.05105125028529878,-0.006606166021016602,0.10761854268326454,-0.006621445873296997,0.0755479285119354,-0.02465380186708942,0.0578635556608179,-0.04062036579301502,0.07349269821932633,-0.05689806888201933,0.06695920463287668,-0.016299601467250215,0.0,-0.030472360209051308,-0.0041975792104510905,0.04999945697884925,-0.0890915264231756
q89_306166,88,Which is the first interval sung by the lead voice?,Melody,Medium,analitica,D,A,False,0.32372881355932204,0.6762711864406781,0.19943076248375188,1.2648028203494939,1.8184194220319143,0.38377959435352366,-0.15145462458447106,0.8034235437936568,0.23592952770055553,0.1854019675097866,,-0.03149816373715279,-0.23068963827791855,-0.05667773413529325,0.010368236957127394,0.02398806894964041,0.8096147842187479,-0.08726679566166544,0.21413016089569997,0.029391592758020092,0.4518900299591249,-0.0334714529161755,0.11495203220634047,-0.03745587727514257,0.0666110202977004,-0.07808602936416459,0.06826036507438696,-0.016506279334513776,0.09168029670643249,-0.047617828999865205,0.0901824775560774,0.017108445975152004,0.0,0.01518280457221847,-0.08015267800640585
q8_171574,7,How many chords are played in the song?,Harmony,Medium,analitica,A,A,True,0.3152173913043478,0.6847826086956522,0.5941893534137735,0.5943683924297708,1.1834790737597962,0.3471526509524684,0.04829701389420263,-0.18646802370167923,0.3395368519664959,-0.31846832997758157,,-0.10651601215483843,0.032621703964000465,0.3212431836539881,-0.390418208065725,-0.16643015760494703,0.17132848040004536,0.0,0.0,0.1289636922002508,0.04639355356711605,-0.019849644257271593,0.023959023420177937,-0.08882300666920584,0.0816256679546255,0.00398681448553783,-0.0427898419704904,0.04840677752106946,-0.07025235941929671,0.03972264818597763,-0.12064057591561403,-0.026200770294549217,-0.020514407089588686,-0.037909497277606424,-0.08424908424860886
q90_306166,89,How does the drummer create anticipation for the final verse?,Performance,Medium,analitica,A,A,True,0.395374449339207,0.6046255506607929,0.24329842028147397,0.4827151947079134,2.322217407492807,1.056447930704813,0.11687531115809902,-0.07001319047555737,0.44825627219983116,-0.87415869264895,,0.011432013059880203,-0.2763641925917354,0.1146797441161652,0.05966299382569433,0.05397510854374109,0.13972994873293199,-0.06321155456168748,0.006958059557551688,0.10267429175875953,-0.1458081883853185,0.01941482243774285,-0.004841556014127248,-0.04790855213456829,-0.013118851909114472,-0.02106893846868749,-0.001705145176851542,-0.03701508484676988,-0.00581795010858243,-0.05413839197839926,0.0835558086776594,0.03474989898607689,0.04550843618758131,0.12016726540394465,-0.027785743746803867
q91_8559,90,Which country does the song evoke?,Historical and Cultural Context,Low,knowledge,A,A,True,0.49750830564784054,0.5024916943521593,0.4898324803980356,0.8134127711718231,2.0373163511529206,1.794935588462625,0.3323696812425756,-0.33123224012610036,2.0373163511529206,1.631677757301536,,-0.07873139957772998,-0.3750789729629017,0.32232068071118614,-0.19724353268605996,0.07604450707409575,0.18783521341770948,0.012735893035023732,0.05325505210515187,0.04264617851373877,-0.2735909394517444,0.0726534749399916,0.04495991560611194,0.04947805893645504,0.0,0.028619474668842255,0.1740155100174665,0.037650977735139105,-0.08913363898013765,-0.03321628983208752,-0.10715348037106301,0.05265596717814781,-0.04189242133459867,0.0818818391023486,-0.0384371856121351
q92_8559,91,Which guitar instrumental technique is used in the song?,Performance,Low,analitica,A,A,True,0.6383136094674556,0.3616863905325444,0.4581148525801916,2.0683067480018185,2.0677548798607313,1.569947162690242,0.4581148525801916,0.058547298442819085,-0.45015895703732556,0.13335433456192114,,0.07673165678696617,0.592732890885464,0.2130257203346366,-1.0048797247794996,0.15534244126480418,0.4706941323368547,0.013015034193784655,0.0,0.09846137777994803,0.07231718374618133,0.07584822532016619,0.041133668364883386,0.0708750083859475,0.06189239550649443,0.02488355316073232,0.012021546006891926,0.056118562262320856,-0.0043541274639952166,0.0,0.10579332499710709,0.0597381143949868,0.018042340438560678,0.07219001127608993,-0.24829903315330448
q93_8559,92,What kind of bass is used in the song?,Instrumentation,Medium,percettiva,C,A,False,0.48563218390804597,0.514367816091954,0.2299049933073991,0.35212453209211514,0.8355073031382301,0.6039777701681412,-0.2299049933073991,-0.16275406149671576,0.31713312466652216,-0.4582393395109463,,-0.020549660920564143,0.05790251426590477,-0.04124144257752026,-0.18350890075452703,-0.16164088054574882,-0.07393039603988844,-0.006473009263565892,0.036782721031794946,-0.06214535688630627,0.028502330512903476,-0.04737812048815609,-0.07976075533140738,-0.008524795025572424,-0.09732180967212252,0.029492651157219933,0.04229551575395935,-0.035968926084958865,-0.029722951316698266,-0.013823802188853224,0.036782721031794946,-0.03774572181923129,-0.028947243431767793,-0.05381092197154087,-0.034581869043377594
q94_1420928,93,What kinds of string instruments are used in the intro?,Instrumentation,Low,percettiva,A,A,True,0.47864321608040206,0.5213567839195979,0.547944310918288,2.0230814493836915,1.8178903085001563,1.0111147246720944,0.041009354524395136,1.6056556422763457,-0.9847229538702997,0.3143635848454343,,-0.1037718973008758,0.6243599587213122,0.05050995295013562,-0.20871290355367272,0.24396687977120599,1.0460144433480147,-0.14969558089607066,0.14399414376069158,0.004986819326267232,0.16338251080698957,-0.005204097774205871,0.14528631245071827,-0.03336980926517306,0.2272336496963696,-0.03716740602375189,0.4147152070257641,-0.010218817020930783,0.4388846413076755,0.022313144206454232,0.11403613492982057,0.0,0.20230686811963822,0.09966952107573528,-0.10018968206063002
q95_1420928,94,What emotions does the song create?,Mood and Expression,Low,knowledge,A,A,True,0.7034246575342465,0.2965753424657534,0.4536818884787819,6.424364737148213,0.8069444240193469,1.9619456485900506,0.16669697227587021,4.63700392668744,0.29892962798984535,1.5748492091836024,,-0.04626521780739292,0.7557479768620732,0.02336739415678678,-0.48714459479183214,-0.0972272402940629,-0.40653581043855436,0.28682203622053926,4.774936355055753,-0.07199817473791753,0.30981965102150694,-0.028712129244806005,-0.018358575443837843,-0.04040095449506367,0.22904509836092943,0.004737891641282082,0.5557596805644048,0.2411610664455448,1.5634420645708142,0.011800097351537399,0.513008017938883,0.028224724602366247,1.0882105114068419,0.021884450712926946,0.3960774782678975
q96_1420928,95,How many chords does the song use?,Harmony,Medium,analitica,B,A,False,0.21835443037974683,0.7816455696202532,0.7685597997630638,0.5131369335027981,0.8163977235633685,0.510099839151428,-0.12304632788825667,0.15066715024427735,0.4272485846988664,-0.42305556308674863,,-0.19585637878884238,0.3319020418735377,0.0888423822717277,-0.056405887560576906,0.2339143536656759,-0.11092578639432554,-0.24994668503681788,-0.013903217674357933,-0.1656388853418519,0.048343340212095555,0.0,-0.0554333061822631,-0.01782449566896426,-0.03246213330658283,0.07193322313138822,-0.0028379249306620044,-0.014647071396189038,0.10178677844015022,0.026790574496464076,0.03248151665762778,-0.04395718349011428,0.059855171197941655,0.020297510381010485,-0.0010662918440299263
q97_1319502,96,In what style is the acoustic guitar accompanying?,Genre and Style,Low,knowledge,B,A,False,0.7123287671232876,0.2876712328767123,0.42872700433572075,0.5653977995142585,0.9847955063701535,0.9671855999775796,0.32324158109652124,0.32988977816729637,0.9847955063701535,0.46202600866427135,,0.019987510946034417,0.1836062172372533,0.01975699668559599,-0.11670586779051048,0.3362397850844906,-0.0010481428829705597,-0.05274271161959977,0.26403757160352415,0.039551589691243845,0.01931295840353288,0.09338283085127917,-0.18787030521808715,0.01821652018243968,0.10491285617603432,0.08860279716949142,0.13446786997352508,0.0899665109282491,0.1779410137942368,-0.049986267960271155,-0.10489223910702827,-0.007146177634633322,-0.054530077244778055,0.050653777868722494,0.24054770138986076
q98_1319502,97,What kind of drums are used in the song?,Instrumentation,Medium,percettiva,C,A,False,0.4241935483870968,0.5758064516129032,0.5444336270366067,1.1486322191478546,1.7199335192946774,0.6118010121379326,0.028207314955296686,0.7863138464642275,-0.8649992613427555,0.09499469307377492,,0.2863204709959517,0.8835677314947237,-0.016025116705751127,-0.05120893703184427,-0.029714826847570004,0.08390530131131738,-0.21237321248733387,-0.12995024930996926,0.019680520486275558,0.12887239269732648,0.0643697655646009,0.20787900782011198,0.06551979417103028,0.04735614058763778,0.08551892234878603,0.042385549261580176,-0.06560464960682699,0.11099468771199217,-0.07212256745472391,0.04378664218268788,-0.15890266267624883,0.23511004989439974,0.08974819212240365,-0.03007062369150862
q99_1319502,98,Which country do you imagine this song is from?,Historical and Cultural Context,Low,knowledge,A,A,True,0.2348942598187311,0.765105740181269,0.155159268548983,1.6399709563340905,3.4367101962151425,1.7737367096569032,0.10698518746933107,1.6399709563340905,2.3755716811880108,1.7737367096569032,,0.10306151979046986,0.30216071555510127,0.021087241451490036,0.009071564908074835,-0.024087040539825962,0.13480299672810223,0.006923466767197142,1.1939356791428122,0.12940901224173412,0.7609708568057407,-0.0464788975739864,-0.05021320651384983,0.021035722203538786,0.05409382125008567,0.015324693019885035,0.41342701029499607,-0.0332315659945044,0.12067188464894692,-0.024917890765876496,0.2823398125625801,0.02669142466581725,0.09336596427593002,0.01915268967272319,-0.03468518699033915
q9_171574,8,What type of filter is applied to the melodic instruments at the beginning of the song?,Sound Texture,Medium,percettiva,A,A,True,0.26,0.74,0.7635244388047324,0.45096838146648244,2.6231791054126674,1.009594542618364,-0.2243932327859651,0.45096838146648244,1.397307562487253,-0.21036308144231458,,-0.24093574002999532,0.17528626971602604,0.26956560300938365,0.04300425637857541,-0.2530230957653534,0.21864778258206222,0.0,0.014030072789818743,0.05410942165658482,0.28643347936783325,-0.07548942004262794,0.14434178370160677,-0.10858177457996966,0.04646750408417959,0.0,0.0,-0.0525693573069754,0.028710410870604074,-0.08568178084702568,0.05261706627992245,0.031561287384773554,-0.0240946181555674,0.012258390949275222,-0.08350724468209633
